--------------------------------------------------------
--  File created - Wednesday-April-13-2022   
--------------------------------------------------------
--------------------------------------------------------
--  DDL for Table CHINHANH
--------------------------------------------------------

  CREATE TABLE "CHINHANH" ("MA_CN" NVARCHAR2(15), "MA_DT" NVARCHAR2(15), "DIA_CHI_CH" NVARCHAR2(25)) SEGMENT CREATION IMMEDIATE PCTFREE 10 PCTUSED 40 INITRANS 1 MAXTRANS 255  NOCOMPRESS LOGGING STORAGE(INITIAL 65536 NEXT 1048576 MINEXTENTS 1 MAXEXTENTS 2147483645 PCTINCREASE 0 FREELISTS 1 FREELIST GROUPS 1 BUFFER_POOL DEFAULT FLASH_CACHE DEFAULT CELL_FLASH_CACHE DEFAULT) TABLESPACE "USERS"
--------------------------------------------------------
--  DDL for Table CHITIETDONHANG
--------------------------------------------------------

  CREATE TABLE "CHITIETDONHANG" ("MA_DH" NVARCHAR2(10), "MA_SP" NVARCHAR2(10), "NGAY_NHAN_DON" DATE, "NGAY_GIAO_DON" DATE, "HINH_THUC_THANH_TOAN" NVARCHAR2(20), "DIA_CHI_NHAN_HANG" NVARCHAR2(20), "MA_KV" NVARCHAR2(10), "QUA_TRINH_VC" NVARCHAR2(20), "TINH_TRANG" NVARCHAR2(20), "TIEN_DO" NVARCHAR2(20)) SEGMENT CREATION IMMEDIATE PCTFREE 10 PCTUSED 40 INITRANS 1 MAXTRANS 255  NOCOMPRESS LOGGING STORAGE(INITIAL 65536 NEXT 1048576 MINEXTENTS 1 MAXEXTENTS 2147483645 PCTINCREASE 0 FREELISTS 1 FREELIST GROUPS 1 BUFFER_POOL DEFAULT FLASH_CACHE DEFAULT CELL_FLASH_CACHE DEFAULT) TABLESPACE "USERS"
  GRANT SELECT ON "CHITIETDONHANG" TO "PARTNER1"
  GRANT UPDATE ("TINH_TRANG") ON "CHITIETDONHANG" TO "PARTNER1"
  GRANT SELECT ON "CHITIETDONHANG" TO "SHIPPER"
  GRANT UPDATE ("TIEN_DO") ON "CHITIETDONHANG" TO "SHIPPER"
  GRANT UPDATE ("TINH_TRANG") ON "CHITIETDONHANG" TO "SHIPPER"
  GRANT UPDATE ("MA_DH") ON "CHITIETDONHANG" TO "SHIPPER"
  GRANT SELECT ON "CHITIETDONHANG" TO "SHIPPER1"
  GRANT UPDATE ("TIEN_DO") ON "CHITIETDONHANG" TO "SHIPPER1"
  GRANT UPDATE ("TINH_TRANG") ON "CHITIETDONHANG" TO "SHIPPER1"
  GRANT UPDATE ("MA_DH") ON "CHITIETDONHANG" TO "SHIPPER1"
--------------------------------------------------------
--  DDL for Table DOITACVC
--------------------------------------------------------

  CREATE TABLE "DOITACVC" ("MA_DT" NVARCHAR2(10), "MA_SO_THUE" NVARCHAR2(15), "TEN_DT" NVARCHAR2(20), "NGUOI_DAI_DIEN" NVARCHAR2(20), "SO_CHI_NHANH" NUMBER(10,0), "THANH_PHO" NVARCHAR2(25), "QUAN" NVARCHAR2(10), "MA_LOAI_HANG_VC" NVARCHAR2(10), "DIA_CHI_KINH_DOANH" NVARCHAR2(25), "SDT_VC" NUMBER(15,0), "EMAIL_VC" NVARCHAR2(25), "SL_DH_MOI_NGAY" NUMBER(10,0)) SEGMENT CREATION IMMEDIATE PCTFREE 10 PCTUSED 40 INITRANS 1 MAXTRANS 255  NOCOMPRESS LOGGING STORAGE(INITIAL 65536 NEXT 1048576 MINEXTENTS 1 MAXEXTENTS 2147483645 PCTINCREASE 0 FREELISTS 1 FREELIST GROUPS 1 BUFFER_POOL DEFAULT FLASH_CACHE DEFAULT CELL_FLASH_CACHE DEFAULT) TABLESPACE "USERS"
--------------------------------------------------------
--  DDL for Table DONHANG
--------------------------------------------------------

  CREATE TABLE "DONHANG" ("MA_DH" NVARCHAR2(10), "MA_KH" NVARCHAR2(10), "MA_NV" NVARCHAR2(10), "MA_KM" NVARCHAR2(10), "MA_SP" NVARCHAR2(10), "SO_LUONG" NUMBER(10,0)) SEGMENT CREATION IMMEDIATE PCTFREE 10 PCTUSED 40 INITRANS 1 MAXTRANS 255  NOCOMPRESS LOGGING STORAGE(INITIAL 65536 NEXT 1048576 MINEXTENTS 1 MAXEXTENTS 2147483645 PCTINCREASE 0 FREELISTS 1 FREELIST GROUPS 1 BUFFER_POOL DEFAULT FLASH_CACHE DEFAULT CELL_FLASH_CACHE DEFAULT) TABLESPACE "USERS"
  GRANT SELECT ON "DONHANG" TO "CUSTOMER"
--------------------------------------------------------
--  DDL for Table HOPDONG
--------------------------------------------------------

  CREATE TABLE "HOPDONG" ("MA_HD" NVARCHAR2(10), "MA_DT" NVARCHAR2(10), "NGAY_HD" DATE, "NGAY_KET_THUC_HD" DATE, "SO_CHI_NHANH_DANGKY" NUMBER(10,0)) SEGMENT CREATION IMMEDIATE PCTFREE 10 PCTUSED 40 INITRANS 1 MAXTRANS 255  NOCOMPRESS LOGGING STORAGE(INITIAL 65536 NEXT 1048576 MINEXTENTS 1 MAXEXTENTS 2147483645 PCTINCREASE 0 FREELISTS 1 FREELIST GROUPS 1 BUFFER_POOL DEFAULT FLASH_CACHE DEFAULT CELL_FLASH_CACHE DEFAULT) TABLESPACE "USERS"
--------------------------------------------------------
--  DDL for Table KHACHHANG
--------------------------------------------------------

  CREATE TABLE "KHACHHANG" ("MA_KH" NVARCHAR2(10), "HO_TEN" NVARCHAR2(20), "DIA_CHI_KH" NVARCHAR2(20), "SDT_KH" NUMBER(10,0), "EMAIL_KH" NVARCHAR2(20)) SEGMENT CREATION IMMEDIATE PCTFREE 10 PCTUSED 40 INITRANS 1 MAXTRANS 255  NOCOMPRESS LOGGING STORAGE(INITIAL 65536 NEXT 1048576 MINEXTENTS 1 MAXEXTENTS 2147483645 PCTINCREASE 0 FREELISTS 1 FREELIST GROUPS 1 BUFFER_POOL DEFAULT FLASH_CACHE DEFAULT CELL_FLASH_CACHE DEFAULT) TABLESPACE "USERS"
--------------------------------------------------------
--  DDL for Table KHUVUC
--------------------------------------------------------

  CREATE TABLE "KHUVUC" ("MA_KV" NVARCHAR2(10), "TEN_TINH_TP" NVARCHAR2(20), "TEN_QUAN_HUYEN" NVARCHAR2(20)) SEGMENT CREATION IMMEDIATE PCTFREE 10 PCTUSED 40 INITRANS 1 MAXTRANS 255  NOCOMPRESS LOGGING STORAGE(INITIAL 65536 NEXT 1048576 MINEXTENTS 1 MAXEXTENTS 2147483645 PCTINCREASE 0 FREELISTS 1 FREELIST GROUPS 1 BUFFER_POOL DEFAULT FLASH_CACHE DEFAULT CELL_FLASH_CACHE DEFAULT) TABLESPACE "USERS"
--------------------------------------------------------
--  DDL for Table KHUYENMAI
--------------------------------------------------------

  CREATE TABLE "KHUYENMAI" ("MA_KM" NVARCHAR2(10), "TEN_KM" NVARCHAR2(20), "GIA_TRI_TOI_THIEU" NUMBER(10,0), "CHIET_KHAU" NUMBER(10,0), "NGAY_BAT_DAU" DATE, "NGAY_HET_HAN" DATE) SEGMENT CREATION IMMEDIATE PCTFREE 10 PCTUSED 40 INITRANS 1 MAXTRANS 255  NOCOMPRESS LOGGING STORAGE(INITIAL 65536 NEXT 1048576 MINEXTENTS 1 MAXEXTENTS 2147483645 PCTINCREASE 0 FREELISTS 1 FREELIST GROUPS 1 BUFFER_POOL DEFAULT FLASH_CACHE DEFAULT CELL_FLASH_CACHE DEFAULT) TABLESPACE "USERS"
  GRANT SELECT ON "KHUYENMAI" TO "CUSTOMER"
  GRANT DELETE ON "KHUYENMAI" TO "PARTNER"
  GRANT SELECT ON "KHUYENMAI" TO "PARTNER"
  GRANT UPDATE ON "KHUYENMAI" TO "PARTNER"
  GRANT DELETE ON "KHUYENMAI" TO "PARTNER1"
  GRANT SELECT ON "KHUYENMAI" TO "PARTNER1"
  GRANT UPDATE ON "KHUYENMAI" TO "PARTNER1"
  GRANT INSERT ON "KHUYENMAI" TO "PARTNER1"
  GRANT INSERT ON "KHUYENMAI" TO "PARTNER"
--------------------------------------------------------
--  DDL for Table LOAIHANG
--------------------------------------------------------

  CREATE TABLE "LOAIHANG" ("MA_LH" NVARCHAR2(10), "TEN_LH" NVARCHAR2(15)) SEGMENT CREATION IMMEDIATE PCTFREE 10 PCTUSED 40 INITRANS 1 MAXTRANS 255  NOCOMPRESS LOGGING STORAGE(INITIAL 65536 NEXT 1048576 MINEXTENTS 1 MAXEXTENTS 2147483645 PCTINCREASE 0 FREELISTS 1 FREELIST GROUPS 1 BUFFER_POOL DEFAULT FLASH_CACHE DEFAULT CELL_FLASH_CACHE DEFAULT) TABLESPACE "USERS"
--------------------------------------------------------
--  DDL for Table NHANVIEN
--------------------------------------------------------

  CREATE TABLE "NHANVIEN" ("MA_NV" NVARCHAR2(10), "HOTEN_NV" NVARCHAR2(20), "NGAY_VAO_LAM" DATE, "SDT_NV" NUMBER(20,0)) SEGMENT CREATION IMMEDIATE PCTFREE 10 PCTUSED 40 INITRANS 1 MAXTRANS 255  NOCOMPRESS LOGGING STORAGE(INITIAL 65536 NEXT 1048576 MINEXTENTS 1 MAXEXTENTS 2147483645 PCTINCREASE 0 FREELISTS 1 FREELIST GROUPS 1 BUFFER_POOL DEFAULT FLASH_CACHE DEFAULT CELL_FLASH_CACHE DEFAULT) TABLESPACE "USERS"
--------------------------------------------------------
--  DDL for Table SANPHAM
--------------------------------------------------------

  CREATE TABLE "SANPHAM" ("MA_SP" NVARCHAR2(10), "TEN_SAN_PHAM" NVARCHAR2(15), "MA_NHA_CUNG_CAP" NVARCHAR2(10), "MA_LOAI_HANG" NVARCHAR2(10), "GIA_NHAP" NUMBER(15,0), "GIA_BAN" NUMBER(15,0)) SEGMENT CREATION IMMEDIATE PCTFREE 10 PCTUSED 40 INITRANS 1 MAXTRANS 255  NOCOMPRESS LOGGING STORAGE(INITIAL 65536 NEXT 1048576 MINEXTENTS 1 MAXEXTENTS 2147483645 PCTINCREASE 0 FREELISTS 1 FREELIST GROUPS 1 BUFFER_POOL DEFAULT FLASH_CACHE DEFAULT CELL_FLASH_CACHE DEFAULT) TABLESPACE "USERS"
  GRANT UPDATE ON "SANPHAM" TO "PARTNER"
  GRANT DELETE ON "SANPHAM" TO "PARTNER1"
  GRANT INSERT ON "SANPHAM" TO "PARTNER1"
  GRANT SELECT ON "SANPHAM" TO "PARTNER1"
  GRANT UPDATE ON "SANPHAM" TO "PARTNER1"
  GRANT SELECT ON "SANPHAM" TO "CUSTOMER"
  GRANT INSERT ON "SANPHAM" TO "PARTNER"
--------------------------------------------------------
--  DDL for Table SANPHAM_CHINHANH
--------------------------------------------------------

  CREATE TABLE "SANPHAM_CHINHANH" ("MA_CN" NVARCHAR2(15), "MA_SP" NVARCHAR2(15), "SO_LUONG" NUMBER(15,0)) SEGMENT CREATION IMMEDIATE PCTFREE 10 PCTUSED 40 INITRANS 1 MAXTRANS 255  NOCOMPRESS LOGGING STORAGE(INITIAL 65536 NEXT 1048576 MINEXTENTS 1 MAXEXTENTS 2147483645 PCTINCREASE 0 FREELISTS 1 FREELIST GROUPS 1 BUFFER_POOL DEFAULT FLASH_CACHE DEFAULT CELL_FLASH_CACHE DEFAULT) TABLESPACE "USERS"
  GRANT DELETE ON "SANPHAM_CHINHANH" TO "PARTNER1"
  GRANT INSERT ON "SANPHAM_CHINHANH" TO "PARTNER1"
  GRANT SELECT ON "SANPHAM_CHINHANH" TO "PARTNER1"
  GRANT UPDATE ON "SANPHAM_CHINHANH" TO "PARTNER1"
--------------------------------------------------------
--  DDL for Table TAIKHOAN
--------------------------------------------------------

  CREATE TABLE "TAIKHOAN" ("USERNAME" NVARCHAR2(10), "PASSWORD" NVARCHAR2(10), "ROLE" NVARCHAR2(10), "STATUS" NVARCHAR2(15)) SEGMENT CREATION IMMEDIATE PCTFREE 10 PCTUSED 40 INITRANS 1 MAXTRANS 255  NOCOMPRESS LOGGING STORAGE(INITIAL 65536 NEXT 1048576 MINEXTENTS 1 MAXEXTENTS 2147483645 PCTINCREASE 0 FREELISTS 1 FREELIST GROUPS 1 BUFFER_POOL DEFAULT FLASH_CACHE DEFAULT CELL_FLASH_CACHE DEFAULT) TABLESPACE "USERS"
--------------------------------------------------------
--  DDL for Table TAIXE
--------------------------------------------------------

  CREATE TABLE "TAIXE" ("MA_TX" NVARCHAR2(10), "HO_TEN" NVARCHAR2(20), "CMND" NUMBER(10,0), "SDT_TX" NUMBER(10,0), "DIA_CHI_TX" NVARCHAR2(20), "BIEN_SO_XE" NVARCHAR2(20), "MA_KV_HD" NVARCHAR2(10)) SEGMENT CREATION IMMEDIATE PCTFREE 10 PCTUSED 40 INITRANS 1 MAXTRANS 255  NOCOMPRESS LOGGING STORAGE(INITIAL 65536 NEXT 1048576 MINEXTENTS 1 MAXEXTENTS 2147483645 PCTINCREASE 0 FREELISTS 1 FREELIST GROUPS 1 BUFFER_POOL DEFAULT FLASH_CACHE DEFAULT CELL_FLASH_CACHE DEFAULT) TABLESPACE "USERS"
--------------------------------------------------------
--  DDL for Table TAIXEDH
--------------------------------------------------------

  CREATE TABLE "TAIXEDH" ("MA_TX" NVARCHAR2(10), "MA_DH" NVARCHAR2(10), "MA_SP" NVARCHAR2(10), "PHI_VC" NUMBER(10,0)) SEGMENT CREATION IMMEDIATE PCTFREE 10 PCTUSED 40 INITRANS 1 MAXTRANS 255  NOCOMPRESS LOGGING STORAGE(INITIAL 65536 NEXT 1048576 MINEXTENTS 1 MAXEXTENTS 2147483645 PCTINCREASE 0 FREELISTS 1 FREELIST GROUPS 1 BUFFER_POOL DEFAULT FLASH_CACHE DEFAULT CELL_FLASH_CACHE DEFAULT) TABLESPACE "USERS"
  GRANT SELECT ON "TAIXEDH" TO "SHIPPER"
  GRANT SELECT ON "TAIXEDH" TO "SHIPPER1"
REM INSERTING into CHINHANH
SET DEFINE OFF;
Insert into CHINHANH (MA_CN,MA_DT,DIA_CHI_CH) values ('CN01','DT01','1 Tr?n Xuân So?n, Qu?n 1');
Insert into CHINHANH (MA_CN,MA_DT,DIA_CHI_CH) values ('CN02','DT01','1 Nguy?n Th? ??nh, Qu?n 2');
Insert into CHINHANH (MA_CN,MA_DT,DIA_CHI_CH) values ('CN03','DT02','3 Tr?n V?n ?n, Qu?n 1');
Insert into CHINHANH (MA_CN,MA_DT,DIA_CHI_CH) values ('CN04','DT02','1 Lý Thái T?, Qu?n 1');
Insert into CHINHANH (MA_CN,MA_DT,DIA_CHI_CH) values ('CN05','DT03','1 Quang Trung, Qu?n 5');
Insert into CHINHANH (MA_CN,MA_DT,DIA_CHI_CH) values ('CN06','DT03','1 Ngô Quy?n, Qu?n 1');
Insert into CHINHANH (MA_CN,MA_DT,DIA_CHI_CH) values ('CN07','DT04','1 Hai Ba Tr?ng, Qu?n 7');
Insert into CHINHANH (MA_CN,MA_DT,DIA_CHI_CH) values ('CN08','DT04','1 ???ng D2, Qu?n 1');
Insert into CHINHANH (MA_CN,MA_DT,DIA_CHI_CH) values ('CN09','DT05','1 Tô Hi?n, Qu?n 4');
Insert into CHINHANH (MA_CN,MA_DT,DIA_CHI_CH) values ('CN10','DT05','1 Tr?n Xuân So?n, Qu?n 7');
Insert into CHINHANH (MA_CN,MA_DT,DIA_CHI_CH) values ('CN11','DT05','1 Hai Bà Tr?ng, Qu?n 7');
REM INSERTING into CHITIETDONHANG
SET DEFINE OFF;
Insert into CHITIETDONHANG (MA_DH,MA_SP,NGAY_NHAN_DON,NGAY_GIAO_DON,HINH_THUC_THANH_TOAN,DIA_CHI_NHAN_HANG,MA_KV,QUA_TRINH_VC,TINH_TRANG,TIEN_DO) values ('DH06','SP02',to_date('01-APR-22','DD-MON-RR'),to_date('20-APR-22','DD-MON-RR'),'Banking','5 ???ng D2','KV05','?ang giao','?ã thanh toán','?ã có tài x? nh?n');
Insert into CHITIETDONHANG (MA_DH,MA_SP,NGAY_NHAN_DON,NGAY_GIAO_DON,HINH_THUC_THANH_TOAN,DIA_CHI_NHAN_HANG,MA_KV,QUA_TRINH_VC,TINH_TRANG,TIEN_DO) values ('DH01','SP01',to_date('05-APR-22','DD-MON-RR'),to_date('20-APR-22','DD-MON-RR'),'Ti?n m?t','8 ???ng D2','KV01','?ang giao','Ch?a thanh toán','?ã có tài x? nh?n');
Insert into CHITIETDONHANG (MA_DH,MA_SP,NGAY_NHAN_DON,NGAY_GIAO_DON,HINH_THUC_THANH_TOAN,DIA_CHI_NHAN_HANG,MA_KV,QUA_TRINH_VC,TINH_TRANG,TIEN_DO) values ('DH02','SP02',to_date('05-APR-22','DD-MON-RR'),to_date('20-APR-22','DD-MON-RR'),'Ti?n m?t','2 ???ng D2','KV02','?ang giao','Ch?a thanh toán','?ã có tài x? nh?n');
Insert into CHITIETDONHANG (MA_DH,MA_SP,NGAY_NHAN_DON,NGAY_GIAO_DON,HINH_THUC_THANH_TOAN,DIA_CHI_NHAN_HANG,MA_KV,QUA_TRINH_VC,TINH_TRANG,TIEN_DO) values ('DH03','SP03',to_date('05-APR-22','DD-MON-RR'),to_date('20-APR-22','DD-MON-RR'),'Ti?n m?t','3 ???ng D2','KV03','?ang giao','Ch?a thanh toán','?ã có tài x? nh?n');
Insert into CHITIETDONHANG (MA_DH,MA_SP,NGAY_NHAN_DON,NGAY_GIAO_DON,HINH_THUC_THANH_TOAN,DIA_CHI_NHAN_HANG,MA_KV,QUA_TRINH_VC,TINH_TRANG,TIEN_DO) values ('DH04','SP04',to_date('05-APR-22','DD-MON-RR'),to_date('20-APR-22','DD-MON-RR'),'Ti?n m?t','4 ???ng D2','KV04','?ang giao','?ã thanh toán','?ã có tài x? nh?n');
Insert into CHITIETDONHANG (MA_DH,MA_SP,NGAY_NHAN_DON,NGAY_GIAO_DON,HINH_THUC_THANH_TOAN,DIA_CHI_NHAN_HANG,MA_KV,QUA_TRINH_VC,TINH_TRANG,TIEN_DO) values ('DH05','SP01',to_date('05-APR-22','DD-MON-RR'),to_date('20-APR-22','DD-MON-RR'),'Banking','5 ???ng D2','KV05','?ang giao','?ã thanh toán','Ch?a có tài x? nh?n');
Insert into CHITIETDONHANG (MA_DH,MA_SP,NGAY_NHAN_DON,NGAY_GIAO_DON,HINH_THUC_THANH_TOAN,DIA_CHI_NHAN_HANG,MA_KV,QUA_TRINH_VC,TINH_TRANG,TIEN_DO) values ('DH05','SP05',to_date('05-APR-22','DD-MON-RR'),to_date('20-APR-22','DD-MON-RR'),'Banking','5 ???ng D2','KV05','?ang giao','?ã thanh toán','Ch?a có tài x? nh?n');
REM INSERTING into DOITACVC
SET DEFINE OFF;
Insert into DOITACVC (MA_DT,MA_SO_THUE,TEN_DT,NGUOI_DAI_DIEN,SO_CHI_NHANH,THANH_PHO,QUAN,MA_LOAI_HANG_VC,DIA_CHI_KINH_DOANH,SDT_VC,EMAIL_VC,SL_DH_MOI_NGAY) values ('DT01','DT01GHTK','Giao hàng ti?t ki?m','Tr?n V?n A',5,'TP HCM','Qu?n 5','LH01','861 Tr?n Xuân So?n',901111,'ghtk@gmail.com',100);
Insert into DOITACVC (MA_DT,MA_SO_THUE,TEN_DT,NGUOI_DAI_DIEN,SO_CHI_NHANH,THANH_PHO,QUAN,MA_LOAI_HANG_VC,DIA_CHI_KINH_DOANH,SDT_VC,EMAIL_VC,SL_DH_MOI_NGAY) values ('DT02','DT02Viettel','Viettel Post','Tr?n Th? B',5,'TP HCM','Qu?n 1','LH02','1 Nguy?n Thái H?c',901112,'vp@gmail.com',100);
Insert into DOITACVC (MA_DT,MA_SO_THUE,TEN_DT,NGUOI_DAI_DIEN,SO_CHI_NHANH,THANH_PHO,QUAN,MA_LOAI_HANG_VC,DIA_CHI_KINH_DOANH,SDT_VC,EMAIL_VC,SL_DH_MOI_NGAY) values ('DT03','DT03GHN','Giao hàng nhanh','Nguy?n Phú C',5,'TP HCM','Qu?n 2','LH03','3 Tô Hi?n',901113,'ghn@gmail.com',100);
Insert into DOITACVC (MA_DT,MA_SO_THUE,TEN_DT,NGUOI_DAI_DIEN,SO_CHI_NHANH,THANH_PHO,QUAN,MA_LOAI_HANG_VC,DIA_CHI_KINH_DOANH,SDT_VC,EMAIL_VC,SL_DH_MOI_NGAY) values ('DT04','DT04JnT','JnT Express','Nguy?n V?nh D',5,'TP HCM','Qu?n 4','LH04','4 Hoàng V?n Th?',901114,'jnt@gmail.com',100);
Insert into DOITACVC (MA_DT,MA_SO_THUE,TEN_DT,NGUOI_DAI_DIEN,SO_CHI_NHANH,THANH_PHO,QUAN,MA_LOAI_HANG_VC,DIA_CHI_KINH_DOANH,SDT_VC,EMAIL_VC,SL_DH_MOI_NGAY) values ('DT05','DT04VNP','VietNam Post','Tr?n Minh Bình',5,'TP HCM','Qu?n 3','LH05','5 Hoàng Minh',901115,'vnp@gmail.com',100);
REM INSERTING into DONHANG
SET DEFINE OFF;
Insert into DONHANG (MA_DH,MA_KH,MA_NV,MA_KM,MA_SP,SO_LUONG) values ('DH01','KH01','NV01','KM01','SP01',1);
Insert into DONHANG (MA_DH,MA_KH,MA_NV,MA_KM,MA_SP,SO_LUONG) values ('DH02','KH01','NV01','KM01','SP02',1);
Insert into DONHANG (MA_DH,MA_KH,MA_NV,MA_KM,MA_SP,SO_LUONG) values ('DH03','KH02','NV02',null,'SP03',1);
Insert into DONHANG (MA_DH,MA_KH,MA_NV,MA_KM,MA_SP,SO_LUONG) values ('DH04','KH02','NV01',null,'SP04',1);
Insert into DONHANG (MA_DH,MA_KH,MA_NV,MA_KM,MA_SP,SO_LUONG) values ('DH05','KH03','NV03',null,'SP01',1);
Insert into DONHANG (MA_DH,MA_KH,MA_NV,MA_KM,MA_SP,SO_LUONG) values ('DH05','KH03','NV03',null,'SP05',1);
Insert into DONHANG (MA_DH,MA_KH,MA_NV,MA_KM,MA_SP,SO_LUONG) values ('DH06','KH03','NV03',null,'SP02',2);
REM INSERTING into HOPDONG
SET DEFINE OFF;
Insert into HOPDONG (MA_HD,MA_DT,NGAY_HD,NGAY_KET_THUC_HD,SO_CHI_NHANH_DANGKY) values ('HD01','DT01',to_date('12-JAN-19','DD-MON-RR'),to_date('28-JAN-23','DD-MON-RR'),2);
Insert into HOPDONG (MA_HD,MA_DT,NGAY_HD,NGAY_KET_THUC_HD,SO_CHI_NHANH_DANGKY) values ('HD02','DT02',to_date('12-FEB-19','DD-MON-RR'),to_date('28-JAN-23','DD-MON-RR'),2);
Insert into HOPDONG (MA_HD,MA_DT,NGAY_HD,NGAY_KET_THUC_HD,SO_CHI_NHANH_DANGKY) values ('HD03','DT03',to_date('12-MAR-19','DD-MON-RR'),to_date('28-MAY-25','DD-MON-RR'),2);
Insert into HOPDONG (MA_HD,MA_DT,NGAY_HD,NGAY_KET_THUC_HD,SO_CHI_NHANH_DANGKY) values ('HD04','DT04',to_date('12-APR-19','DD-MON-RR'),to_date('21-APR-23','DD-MON-RR'),2);
Insert into HOPDONG (MA_HD,MA_DT,NGAY_HD,NGAY_KET_THUC_HD,SO_CHI_NHANH_DANGKY) values ('HD05','DT05',to_date('13-MAY-19','DD-MON-RR'),to_date('13-MAY-23','DD-MON-RR'),2);
REM INSERTING into KHACHHANG
SET DEFINE OFF;
Insert into KHACHHANG (MA_KH,HO_TEN,DIA_CHI_KH,SDT_KH,EMAIL_KH) values ('KH01','Nguy?n Xuân T','8 ???ng D2',56111,'nxt8d2@gmail.com');
Insert into KHACHHANG (MA_KH,HO_TEN,DIA_CHI_KH,SDT_KH,EMAIL_KH) values ('KH02','Nguy?n Xuân B','18 ???ng D2',56122,'nxb18d2@gmail.com');
Insert into KHACHHANG (MA_KH,HO_TEN,DIA_CHI_KH,SDT_KH,EMAIL_KH) values ('KH03','Tr?n Th? C','22 ???ng D2',56122,'ttc22d2@gmail.com');
REM INSERTING into KHUVUC
SET DEFINE OFF;
Insert into KHUVUC (MA_KV,TEN_TINH_TP,TEN_QUAN_HUYEN) values ('KV01','TP HCM','Qu?n 1');
Insert into KHUVUC (MA_KV,TEN_TINH_TP,TEN_QUAN_HUYEN) values ('KV02','TP HCM','Qu?n 2');
Insert into KHUVUC (MA_KV,TEN_TINH_TP,TEN_QUAN_HUYEN) values ('KV03','TP HCM','Qu?n 3');
Insert into KHUVUC (MA_KV,TEN_TINH_TP,TEN_QUAN_HUYEN) values ('KV04','TP HCM','Qu?n 4');
Insert into KHUVUC (MA_KV,TEN_TINH_TP,TEN_QUAN_HUYEN) values ('KV05','TP HCM','Qu?n 5');
Insert into KHUVUC (MA_KV,TEN_TINH_TP,TEN_QUAN_HUYEN) values ('KV06','TP HCM','Qu?n 6');
Insert into KHUVUC (MA_KV,TEN_TINH_TP,TEN_QUAN_HUYEN) values ('KV07','TP HCM','Qu?n 7');
REM INSERTING into KHUYENMAI
SET DEFINE OFF;
Insert into KHUYENMAI (MA_KM,TEN_KM,GIA_TRI_TOI_THIEU,CHIET_KHAU,NGAY_BAT_DAU,NGAY_HET_HAN) values ('KM01','Khuy?n Mãi 1',500,50,to_date('12-MAR-22','DD-MON-RR'),to_date('28-APR-22','DD-MON-RR'));
Insert into KHUYENMAI (MA_KM,TEN_KM,GIA_TRI_TOI_THIEU,CHIET_KHAU,NGAY_BAT_DAU,NGAY_HET_HAN) values ('KM02','Khuy?n Mãi 2',1500,100,to_date('12-APR-22','DD-MON-RR'),to_date('28-MAY-22','DD-MON-RR'));
Insert into KHUYENMAI (MA_KM,TEN_KM,GIA_TRI_TOI_THIEU,CHIET_KHAU,NGAY_BAT_DAU,NGAY_HET_HAN) values ('KM03','Khuy?n Mãi 3',1500,100,to_date('12-APR-22','DD-MON-RR'),to_date('28-MAY-22','DD-MON-RR'));
Insert into KHUYENMAI (MA_KM,TEN_KM,GIA_TRI_TOI_THIEU,CHIET_KHAU,NGAY_BAT_DAU,NGAY_HET_HAN) values ('KM04','Khuy?n Mãi 4',1500,100,to_date('12-APR-22','DD-MON-RR'),to_date('28-MAY-22','DD-MON-RR'));
REM INSERTING into LOAIHANG
SET DEFINE OFF;
Insert into LOAIHANG (MA_LH,TEN_LH) values ('LH01','Qu?n Áo');
Insert into LOAIHANG (MA_LH,TEN_LH) values ('LH02','Sách v?');
Insert into LOAIHANG (MA_LH,TEN_LH) values ('LH03','?? gia d?ng');
Insert into LOAIHANG (MA_LH,TEN_LH) values ('LH04','M? ph?m');
Insert into LOAIHANG (MA_LH,TEN_LH) values ('LH05','?? ?i?n t?');
REM INSERTING into NHANVIEN
SET DEFINE OFF;
Insert into NHANVIEN (MA_NV,HOTEN_NV,NGAY_VAO_LAM,SDT_NV) values ('NV01','Ph?m V?nh K',to_date('01-FEB-22','DD-MON-RR'),341111);
Insert into NHANVIEN (MA_NV,HOTEN_NV,NGAY_VAO_LAM,SDT_NV) values ('NV02','Phan Thành D',to_date('02-JAN-22','DD-MON-RR'),341122);
Insert into NHANVIEN (MA_NV,HOTEN_NV,NGAY_VAO_LAM,SDT_NV) values ('NV03','L??ng Quang T',to_date('12-MAR-22','DD-MON-RR'),341133);
REM INSERTING into SANPHAM
SET DEFINE OFF;
Insert into SANPHAM (MA_SP,TEN_SAN_PHAM,MA_NHA_CUNG_CAP,MA_LOAI_HANG,GIA_NHAP,GIA_BAN) values ('SP01','Qu?n Jean','DT01','LH01',200,900);
Insert into SANPHAM (MA_SP,TEN_SAN_PHAM,MA_NHA_CUNG_CAP,MA_LOAI_HANG,GIA_NHAP,GIA_BAN) values ('SP02','Áo Da Beo','DT01','LH01',222,226);
Insert into SANPHAM (MA_SP,TEN_SAN_PHAM,MA_NHA_CUNG_CAP,MA_LOAI_HANG,GIA_NHAP,GIA_BAN) values ('SP03','English 1','DT02','LH02',150,170);
Insert into SANPHAM (MA_SP,TEN_SAN_PHAM,MA_NHA_CUNG_CAP,MA_LOAI_HANG,GIA_NHAP,GIA_BAN) values ('SP04','English 2','DT02','LH02',200,220);
Insert into SANPHAM (MA_SP,TEN_SAN_PHAM,MA_NHA_CUNG_CAP,MA_LOAI_HANG,GIA_NHAP,GIA_BAN) values ('SP05','Kem chông n?ng','DT03','LH03',100,120);
Insert into SANPHAM (MA_SP,TEN_SAN_PHAM,MA_NHA_CUNG_CAP,MA_LOAI_HANG,GIA_NHAP,GIA_BAN) values ('SP06','D??ng da','DT03','LH03',100,130);
Insert into SANPHAM (MA_SP,TEN_SAN_PHAM,MA_NHA_CUNG_CAP,MA_LOAI_HANG,GIA_NHAP,GIA_BAN) values ('SP07','Tai nghe','DT04','LH04',400,450);
Insert into SANPHAM (MA_SP,TEN_SAN_PHAM,MA_NHA_CUNG_CAP,MA_LOAI_HANG,GIA_NHAP,GIA_BAN) values ('SP08','Bàn phím','DT04','LH04',200,350);
Insert into SANPHAM (MA_SP,TEN_SAN_PHAM,MA_NHA_CUNG_CAP,MA_LOAI_HANG,GIA_NHAP,GIA_BAN) values ('SP09','K? sách','DT05','LH05',600,750);
Insert into SANPHAM (MA_SP,TEN_SAN_PHAM,MA_NHA_CUNG_CAP,MA_LOAI_HANG,GIA_NHAP,GIA_BAN) values ('SP10','Móc ph?i ??','DT05','LH05',5,7);
REM INSERTING into SANPHAM_CHINHANH
SET DEFINE OFF;
Insert into SANPHAM_CHINHANH (MA_CN,MA_SP,SO_LUONG) values ('CN01','SP01',200);
Insert into SANPHAM_CHINHANH (MA_CN,MA_SP,SO_LUONG) values ('CN02','SP02',100);
Insert into SANPHAM_CHINHANH (MA_CN,MA_SP,SO_LUONG) values ('CN03','SP03',100);
Insert into SANPHAM_CHINHANH (MA_CN,MA_SP,SO_LUONG) values ('CN04','SP04',100);
Insert into SANPHAM_CHINHANH (MA_CN,MA_SP,SO_LUONG) values ('CN05','SP05',100);
Insert into SANPHAM_CHINHANH (MA_CN,MA_SP,SO_LUONG) values ('CN06','SP06',100);
Insert into SANPHAM_CHINHANH (MA_CN,MA_SP,SO_LUONG) values ('CN07','SP07',100);
Insert into SANPHAM_CHINHANH (MA_CN,MA_SP,SO_LUONG) values ('CN08','SP08',100);
Insert into SANPHAM_CHINHANH (MA_CN,MA_SP,SO_LUONG) values ('CN09','SP09',100);
Insert into SANPHAM_CHINHANH (MA_CN,MA_SP,SO_LUONG) values ('CN10','SP10',100);
Insert into SANPHAM_CHINHANH (MA_CN,MA_SP,SO_LUONG) values ('CN11','SP01',100);
REM INSERTING into TAIKHOAN
SET DEFINE OFF;
Insert into TAIKHOAN (USERNAME,PASSWORD,ROLE,STATUS) values ('DT01','DT01','DT','Actived');
Insert into TAIKHOAN (USERNAME,PASSWORD,ROLE,STATUS) values ('DT02','DT02','DT','Actived');
Insert into TAIKHOAN (USERNAME,PASSWORD,ROLE,STATUS) values ('DT03','DT03','DT','Actived');
Insert into TAIKHOAN (USERNAME,PASSWORD,ROLE,STATUS) values ('DT04','DT04','DT','Actived');
Insert into TAIKHOAN (USERNAME,PASSWORD,ROLE,STATUS) values ('DT05','DT05','DTc','Actived');
Insert into TAIKHOAN (USERNAME,PASSWORD,ROLE,STATUS) values ('NV01','NV01','NV','Actived');
Insert into TAIKHOAN (USERNAME,PASSWORD,ROLE,STATUS) values ('NV02','NV02','NV','Actived');
Insert into TAIKHOAN (USERNAME,PASSWORD,ROLE,STATUS) values ('NV03','NV03','NV','Actived');
Insert into TAIKHOAN (USERNAME,PASSWORD,ROLE,STATUS) values ('KH01','KH01','KH','Actived');
Insert into TAIKHOAN (USERNAME,PASSWORD,ROLE,STATUS) values ('KH02','KH02','KH','Actived');
Insert into TAIKHOAN (USERNAME,PASSWORD,ROLE,STATUS) values ('KH03','KH03','KH','Actived');
Insert into TAIKHOAN (USERNAME,PASSWORD,ROLE,STATUS) values ('TX01','TX01','TX','Actived');
Insert into TAIKHOAN (USERNAME,PASSWORD,ROLE,STATUS) values ('TX02','TX02','TX','Actived');
Insert into TAIKHOAN (USERNAME,PASSWORD,ROLE,STATUS) values ('TX03','TX03','TX','Actived');
Insert into TAIKHOAN (USERNAME,PASSWORD,ROLE,STATUS) values ('TX04','TX04','TX','Actived');
Insert into TAIKHOAN (USERNAME,PASSWORD,ROLE,STATUS) values ('TX05','TX05','TX','Actived');
Insert into TAIKHOAN (USERNAME,PASSWORD,ROLE,STATUS) values ('admin','admin','admin','Actived');
Insert into TAIKHOAN (USERNAME,PASSWORD,ROLE,STATUS) values ('TX06','TX06','TX','Not Actived');
Insert into TAIKHOAN (USERNAME,PASSWORD,ROLE,STATUS) values ('TX07','TX07','TX','Not Actived');
REM INSERTING into TAIXE
SET DEFINE OFF;
Insert into TAIXE (MA_TX,HO_TEN,CMND,SDT_TX,DIA_CHI_TX,BIEN_SO_XE,MA_KV_HD) values ('TX01','Tr?n V?n T?',215511,1201111,'8 Ngô Mây','77N1-1111','KV01');
Insert into TAIXE (MA_TX,HO_TEN,CMND,SDT_TX,DIA_CHI_TX,BIEN_SO_XE,MA_KV_HD) values ('TX02','Tr?n V?n Nh?t',215511,1201122,'8 Ngô Quy?n','55N1-2222','KV02');
Insert into TAIXE (MA_TX,HO_TEN,CMND,SDT_TX,DIA_CHI_TX,BIEN_SO_XE,MA_KV_HD) values ('TX03','Tr?n V?n Nhì',215511,1201331,'8 Lý Thái T?','59N1-3333','KV03');
Insert into TAIXE (MA_TX,HO_TEN,CMND,SDT_TX,DIA_CHI_TX,BIEN_SO_XE,MA_KV_HD) values ('TX04','Tr?n V?n Tam',215511,1201441,'8 Tr?n Xuân So?n','59N1-4444','KV04');
Insert into TAIXE (MA_TX,HO_TEN,CMND,SDT_TX,DIA_CHI_TX,BIEN_SO_XE,MA_KV_HD) values ('TX05','Tr?n V?n Ngô',215511,1205511,'8 D2','59N1-5555','KV05');
Insert into TAIXE (MA_TX,HO_TEN,CMND,SDT_TX,DIA_CHI_TX,BIEN_SO_XE,MA_KV_HD) values ('TX06','Tr?n V?n Th?t',215511,1206611,'8 D3','59N1-6666','KV06');
Insert into TAIXE (MA_TX,HO_TEN,CMND,SDT_TX,DIA_CHI_TX,BIEN_SO_XE,MA_KV_HD) values ('TX07','Tr?n V?n Hoa',215511,1201777,'8 D1','59N1-7777','KV07');
REM INSERTING into TAIXEDH
SET DEFINE OFF;
Insert into TAIXEDH (MA_TX,MA_DH,MA_SP,PHI_VC) values ('TX01','DH01','SP01',30);
Insert into TAIXEDH (MA_TX,MA_DH,MA_SP,PHI_VC) values ('TX01','DH02','SP02',30);
Insert into TAIXEDH (MA_TX,MA_DH,MA_SP,PHI_VC) values ('TX02','DH03','SP03',30);
Insert into TAIXEDH (MA_TX,MA_DH,MA_SP,PHI_VC) values ('TX02','DH04','SP04',30);
Insert into TAIXEDH (MA_TX,MA_DH,MA_SP,PHI_VC) values ('TX03','DH05','SP05',30);
Insert into TAIXEDH (MA_TX,MA_DH,MA_SP,PHI_VC) values ('TX03','DH05','SP01',30);
--------------------------------------------------------
--  DDL for Index CHINHANH
--------------------------------------------------------

  CREATE UNIQUE INDEX "CHINHANH" ON "CHINHANH" ("MA_CN") PCTFREE 10 INITRANS 2 MAXTRANS 255 COMPUTE STATISTICS  STORAGE(INITIAL 65536 NEXT 1048576 MINEXTENTS 1 MAXEXTENTS 2147483645 PCTINCREASE 0 FREELISTS 1 FREELIST GROUPS 1 BUFFER_POOL DEFAULT FLASH_CACHE DEFAULT CELL_FLASH_CACHE DEFAULT) TABLESPACE "USERS"
--------------------------------------------------------
--  DDL for Index CHITIETDONHANG_PK
--------------------------------------------------------

  CREATE UNIQUE INDEX "CHITIETDONHANG_PK" ON "CHITIETDONHANG" ("MA_DH", "MA_SP") PCTFREE 10 INITRANS 2 MAXTRANS 255 COMPUTE STATISTICS  STORAGE(INITIAL 65536 NEXT 1048576 MINEXTENTS 1 MAXEXTENTS 2147483645 PCTINCREASE 0 FREELISTS 1 FREELIST GROUPS 1 BUFFER_POOL DEFAULT FLASH_CACHE DEFAULT CELL_FLASH_CACHE DEFAULT) TABLESPACE "USERS"
--------------------------------------------------------
--  DDL for Index HOPDONG
--------------------------------------------------------

  CREATE UNIQUE INDEX "HOPDONG" ON "HOPDONG" ("MA_HD", "MA_DT") PCTFREE 10 INITRANS 2 MAXTRANS 255 COMPUTE STATISTICS  STORAGE(INITIAL 65536 NEXT 1048576 MINEXTENTS 1 MAXEXTENTS 2147483645 PCTINCREASE 0 FREELISTS 1 FREELIST GROUPS 1 BUFFER_POOL DEFAULT FLASH_CACHE DEFAULT CELL_FLASH_CACHE DEFAULT) TABLESPACE "USERS"
--------------------------------------------------------
--  DDL for Index SANPHAM
--------------------------------------------------------

  CREATE UNIQUE INDEX "SANPHAM" ON "SANPHAM" ("MA_SP") PCTFREE 10 INITRANS 2 MAXTRANS 255 COMPUTE STATISTICS  STORAGE(INITIAL 65536 NEXT 1048576 MINEXTENTS 1 MAXEXTENTS 2147483645 PCTINCREASE 0 FREELISTS 1 FREELIST GROUPS 1 BUFFER_POOL DEFAULT FLASH_CACHE DEFAULT CELL_FLASH_CACHE DEFAULT) TABLESPACE "USERS"
  GRANT UPDATE ON "SANPHAM" TO "PARTNER"
  GRANT DELETE ON "SANPHAM" TO "PARTNER1"
  GRANT INSERT ON "SANPHAM" TO "PARTNER1"
  GRANT SELECT ON "SANPHAM" TO "PARTNER1"
  GRANT UPDATE ON "SANPHAM" TO "PARTNER1"
  GRANT SELECT ON "SANPHAM" TO "CUSTOMER"
  GRANT INSERT ON "SANPHAM" TO "PARTNER"
--------------------------------------------------------
--  DDL for Index SANPHAM_CHINHANH
--------------------------------------------------------

  CREATE UNIQUE INDEX "SANPHAM_CHINHANH" ON "SANPHAM_CHINHANH" ("MA_CN", "MA_SP") PCTFREE 10 INITRANS 2 MAXTRANS 255 COMPUTE STATISTICS  STORAGE(INITIAL 65536 NEXT 1048576 MINEXTENTS 1 MAXEXTENTS 2147483645 PCTINCREASE 0 FREELISTS 1 FREELIST GROUPS 1 BUFFER_POOL DEFAULT FLASH_CACHE DEFAULT CELL_FLASH_CACHE DEFAULT) TABLESPACE "USERS"
  GRANT DELETE ON "SANPHAM_CHINHANH" TO "PARTNER1"
  GRANT INSERT ON "SANPHAM_CHINHANH" TO "PARTNER1"
  GRANT SELECT ON "SANPHAM_CHINHANH" TO "PARTNER1"
  GRANT UPDATE ON "SANPHAM_CHINHANH" TO "PARTNER1"
--------------------------------------------------------
--  DDL for Index SYS_C009942
--------------------------------------------------------

  CREATE UNIQUE INDEX "SYS_C009942" ON "TAIKHOAN" ("USERNAME") PCTFREE 10 INITRANS 2 MAXTRANS 255 COMPUTE STATISTICS  STORAGE(INITIAL 65536 NEXT 1048576 MINEXTENTS 1 MAXEXTENTS 2147483645 PCTINCREASE 0 FREELISTS 1 FREELIST GROUPS 1 BUFFER_POOL DEFAULT FLASH_CACHE DEFAULT CELL_FLASH_CACHE DEFAULT) TABLESPACE "USERS"
--------------------------------------------------------
--  DDL for Index SYS_C009943
--------------------------------------------------------

  CREATE UNIQUE INDEX "SYS_C009943" ON "KHACHHANG" ("MA_KH") PCTFREE 10 INITRANS 2 MAXTRANS 255 COMPUTE STATISTICS  STORAGE(INITIAL 65536 NEXT 1048576 MINEXTENTS 1 MAXEXTENTS 2147483645 PCTINCREASE 0 FREELISTS 1 FREELIST GROUPS 1 BUFFER_POOL DEFAULT FLASH_CACHE DEFAULT CELL_FLASH_CACHE DEFAULT) TABLESPACE "USERS"
--------------------------------------------------------
--  DDL for Index SYS_C009945
--------------------------------------------------------

  CREATE UNIQUE INDEX "SYS_C009945" ON "KHUVUC" ("MA_KV") PCTFREE 10 INITRANS 2 MAXTRANS 255 COMPUTE STATISTICS  STORAGE(INITIAL 65536 NEXT 1048576 MINEXTENTS 1 MAXEXTENTS 2147483645 PCTINCREASE 0 FREELISTS 1 FREELIST GROUPS 1 BUFFER_POOL DEFAULT FLASH_CACHE DEFAULT CELL_FLASH_CACHE DEFAULT) TABLESPACE "USERS"
--------------------------------------------------------
--  DDL for Index SYS_C009946
--------------------------------------------------------

  CREATE UNIQUE INDEX "SYS_C009946" ON "TAIXE" ("MA_TX") PCTFREE 10 INITRANS 2 MAXTRANS 255 COMPUTE STATISTICS  STORAGE(INITIAL 65536 NEXT 1048576 MINEXTENTS 1 MAXEXTENTS 2147483645 PCTINCREASE 0 FREELISTS 1 FREELIST GROUPS 1 BUFFER_POOL DEFAULT FLASH_CACHE DEFAULT CELL_FLASH_CACHE DEFAULT) TABLESPACE "USERS"
--------------------------------------------------------
--  DDL for Index SYS_C009954
--------------------------------------------------------

  CREATE UNIQUE INDEX "SYS_C009954" ON "KHUYENMAI" ("MA_KM") PCTFREE 10 INITRANS 2 MAXTRANS 255 COMPUTE STATISTICS  STORAGE(INITIAL 65536 NEXT 1048576 MINEXTENTS 1 MAXEXTENTS 2147483645 PCTINCREASE 0 FREELISTS 1 FREELIST GROUPS 1 BUFFER_POOL DEFAULT FLASH_CACHE DEFAULT CELL_FLASH_CACHE DEFAULT) TABLESPACE "USERS"
--------------------------------------------------------
--  DDL for Index SYS_C009955
--------------------------------------------------------

  CREATE UNIQUE INDEX "SYS_C009955" ON "NHANVIEN" ("MA_NV") PCTFREE 10 INITRANS 2 MAXTRANS 255 COMPUTE STATISTICS  STORAGE(INITIAL 65536 NEXT 1048576 MINEXTENTS 1 MAXEXTENTS 2147483645 PCTINCREASE 0 FREELISTS 1 FREELIST GROUPS 1 BUFFER_POOL DEFAULT FLASH_CACHE DEFAULT CELL_FLASH_CACHE DEFAULT) TABLESPACE "USERS"
--------------------------------------------------------
--  DDL for Index SYS_C009957
--------------------------------------------------------

  CREATE UNIQUE INDEX "SYS_C009957" ON "LOAIHANG" ("MA_LH") PCTFREE 10 INITRANS 2 MAXTRANS 255 COMPUTE STATISTICS  STORAGE(INITIAL 65536 NEXT 1048576 MINEXTENTS 1 MAXEXTENTS 2147483645 PCTINCREASE 0 FREELISTS 1 FREELIST GROUPS 1 BUFFER_POOL DEFAULT FLASH_CACHE DEFAULT CELL_FLASH_CACHE DEFAULT) TABLESPACE "USERS"
--------------------------------------------------------
--  DDL for Index SYS_C009965
--------------------------------------------------------

  CREATE UNIQUE INDEX "SYS_C009965" ON "DOITACVC" ("MA_DT") PCTFREE 10 INITRANS 2 MAXTRANS 255 COMPUTE STATISTICS  STORAGE(INITIAL 65536 NEXT 1048576 MINEXTENTS 1 MAXEXTENTS 2147483645 PCTINCREASE 0 FREELISTS 1 FREELIST GROUPS 1 BUFFER_POOL DEFAULT FLASH_CACHE DEFAULT CELL_FLASH_CACHE DEFAULT) TABLESPACE "USERS"
--------------------------------------------------------
--  DDL for Index SYS_C009983
--------------------------------------------------------

  CREATE UNIQUE INDEX "SYS_C009983" ON "DONHANG" ("MA_DH", "MA_SP") PCTFREE 10 INITRANS 2 MAXTRANS 255 COMPUTE STATISTICS  STORAGE(INITIAL 65536 NEXT 1048576 MINEXTENTS 1 MAXEXTENTS 2147483645 PCTINCREASE 0 FREELISTS 1 FREELIST GROUPS 1 BUFFER_POOL DEFAULT FLASH_CACHE DEFAULT CELL_FLASH_CACHE DEFAULT) TABLESPACE "USERS"
--------------------------------------------------------
--  DDL for Index TAIXEDH_PK
--------------------------------------------------------

  CREATE UNIQUE INDEX "TAIXEDH_PK" ON "TAIXEDH" ("MA_DH", "MA_SP", "MA_TX") PCTFREE 10 INITRANS 2 MAXTRANS 255 COMPUTE STATISTICS  STORAGE(INITIAL 65536 NEXT 1048576 MINEXTENTS 1 MAXEXTENTS 2147483645 PCTINCREASE 0 FREELISTS 1 FREELIST GROUPS 1 BUFFER_POOL DEFAULT FLASH_CACHE DEFAULT CELL_FLASH_CACHE DEFAULT) TABLESPACE "USERS"
--------------------------------------------------------
--  DDL for Index CHINHANH
--------------------------------------------------------

  CREATE UNIQUE INDEX "CHINHANH" ON "CHINHANH" ("MA_CN") PCTFREE 10 INITRANS 2 MAXTRANS 255 COMPUTE STATISTICS  STORAGE(INITIAL 65536 NEXT 1048576 MINEXTENTS 1 MAXEXTENTS 2147483645 PCTINCREASE 0 FREELISTS 1 FREELIST GROUPS 1 BUFFER_POOL DEFAULT FLASH_CACHE DEFAULT CELL_FLASH_CACHE DEFAULT) TABLESPACE "USERS"
--------------------------------------------------------
--  DDL for Index CHITIETDONHANG_PK
--------------------------------------------------------

  CREATE UNIQUE INDEX "CHITIETDONHANG_PK" ON "CHITIETDONHANG" ("MA_DH", "MA_SP") PCTFREE 10 INITRANS 2 MAXTRANS 255 COMPUTE STATISTICS  STORAGE(INITIAL 65536 NEXT 1048576 MINEXTENTS 1 MAXEXTENTS 2147483645 PCTINCREASE 0 FREELISTS 1 FREELIST GROUPS 1 BUFFER_POOL DEFAULT FLASH_CACHE DEFAULT CELL_FLASH_CACHE DEFAULT) TABLESPACE "USERS"
--------------------------------------------------------
--  DDL for Index SYS_C009965
--------------------------------------------------------

  CREATE UNIQUE INDEX "SYS_C009965" ON "DOITACVC" ("MA_DT") PCTFREE 10 INITRANS 2 MAXTRANS 255 COMPUTE STATISTICS  STORAGE(INITIAL 65536 NEXT 1048576 MINEXTENTS 1 MAXEXTENTS 2147483645 PCTINCREASE 0 FREELISTS 1 FREELIST GROUPS 1 BUFFER_POOL DEFAULT FLASH_CACHE DEFAULT CELL_FLASH_CACHE DEFAULT) TABLESPACE "USERS"
--------------------------------------------------------
--  DDL for Index SYS_C009983
--------------------------------------------------------

  CREATE UNIQUE INDEX "SYS_C009983" ON "DONHANG" ("MA_DH", "MA_SP") PCTFREE 10 INITRANS 2 MAXTRANS 255 COMPUTE STATISTICS  STORAGE(INITIAL 65536 NEXT 1048576 MINEXTENTS 1 MAXEXTENTS 2147483645 PCTINCREASE 0 FREELISTS 1 FREELIST GROUPS 1 BUFFER_POOL DEFAULT FLASH_CACHE DEFAULT CELL_FLASH_CACHE DEFAULT) TABLESPACE "USERS"
--------------------------------------------------------
--  DDL for Index HOPDONG
--------------------------------------------------------

  CREATE UNIQUE INDEX "HOPDONG" ON "HOPDONG" ("MA_HD", "MA_DT") PCTFREE 10 INITRANS 2 MAXTRANS 255 COMPUTE STATISTICS  STORAGE(INITIAL 65536 NEXT 1048576 MINEXTENTS 1 MAXEXTENTS 2147483645 PCTINCREASE 0 FREELISTS 1 FREELIST GROUPS 1 BUFFER_POOL DEFAULT FLASH_CACHE DEFAULT CELL_FLASH_CACHE DEFAULT) TABLESPACE "USERS"
--------------------------------------------------------
--  DDL for Index SYS_C009943
--------------------------------------------------------

  CREATE UNIQUE INDEX "SYS_C009943" ON "KHACHHANG" ("MA_KH") PCTFREE 10 INITRANS 2 MAXTRANS 255 COMPUTE STATISTICS  STORAGE(INITIAL 65536 NEXT 1048576 MINEXTENTS 1 MAXEXTENTS 2147483645 PCTINCREASE 0 FREELISTS 1 FREELIST GROUPS 1 BUFFER_POOL DEFAULT FLASH_CACHE DEFAULT CELL_FLASH_CACHE DEFAULT) TABLESPACE "USERS"
--------------------------------------------------------
--  DDL for Index SYS_C009945
--------------------------------------------------------

  CREATE UNIQUE INDEX "SYS_C009945" ON "KHUVUC" ("MA_KV") PCTFREE 10 INITRANS 2 MAXTRANS 255 COMPUTE STATISTICS  STORAGE(INITIAL 65536 NEXT 1048576 MINEXTENTS 1 MAXEXTENTS 2147483645 PCTINCREASE 0 FREELISTS 1 FREELIST GROUPS 1 BUFFER_POOL DEFAULT FLASH_CACHE DEFAULT CELL_FLASH_CACHE DEFAULT) TABLESPACE "USERS"
--------------------------------------------------------
--  DDL for Index SYS_C009954
--------------------------------------------------------

  CREATE UNIQUE INDEX "SYS_C009954" ON "KHUYENMAI" ("MA_KM") PCTFREE 10 INITRANS 2 MAXTRANS 255 COMPUTE STATISTICS  STORAGE(INITIAL 65536 NEXT 1048576 MINEXTENTS 1 MAXEXTENTS 2147483645 PCTINCREASE 0 FREELISTS 1 FREELIST GROUPS 1 BUFFER_POOL DEFAULT FLASH_CACHE DEFAULT CELL_FLASH_CACHE DEFAULT) TABLESPACE "USERS"
--------------------------------------------------------
--  DDL for Index SYS_C009957
--------------------------------------------------------

  CREATE UNIQUE INDEX "SYS_C009957" ON "LOAIHANG" ("MA_LH") PCTFREE 10 INITRANS 2 MAXTRANS 255 COMPUTE STATISTICS  STORAGE(INITIAL 65536 NEXT 1048576 MINEXTENTS 1 MAXEXTENTS 2147483645 PCTINCREASE 0 FREELISTS 1 FREELIST GROUPS 1 BUFFER_POOL DEFAULT FLASH_CACHE DEFAULT CELL_FLASH_CACHE DEFAULT) TABLESPACE "USERS"
--------------------------------------------------------
--  DDL for Index SYS_C009955
--------------------------------------------------------

  CREATE UNIQUE INDEX "SYS_C009955" ON "NHANVIEN" ("MA_NV") PCTFREE 10 INITRANS 2 MAXTRANS 255 COMPUTE STATISTICS  STORAGE(INITIAL 65536 NEXT 1048576 MINEXTENTS 1 MAXEXTENTS 2147483645 PCTINCREASE 0 FREELISTS 1 FREELIST GROUPS 1 BUFFER_POOL DEFAULT FLASH_CACHE DEFAULT CELL_FLASH_CACHE DEFAULT) TABLESPACE "USERS"
--------------------------------------------------------
--  DDL for Index SANPHAM
--------------------------------------------------------

  CREATE UNIQUE INDEX "SANPHAM" ON "SANPHAM" ("MA_SP") PCTFREE 10 INITRANS 2 MAXTRANS 255 COMPUTE STATISTICS  STORAGE(INITIAL 65536 NEXT 1048576 MINEXTENTS 1 MAXEXTENTS 2147483645 PCTINCREASE 0 FREELISTS 1 FREELIST GROUPS 1 BUFFER_POOL DEFAULT FLASH_CACHE DEFAULT CELL_FLASH_CACHE DEFAULT) TABLESPACE "USERS"
  GRANT UPDATE ON "SANPHAM" TO "PARTNER"
  GRANT DELETE ON "SANPHAM" TO "PARTNER1"
  GRANT INSERT ON "SANPHAM" TO "PARTNER1"
  GRANT SELECT ON "SANPHAM" TO "PARTNER1"
  GRANT UPDATE ON "SANPHAM" TO "PARTNER1"
  GRANT SELECT ON "SANPHAM" TO "CUSTOMER"
  GRANT INSERT ON "SANPHAM" TO "PARTNER"
--------------------------------------------------------
--  DDL for Index SANPHAM_CHINHANH
--------------------------------------------------------

  CREATE UNIQUE INDEX "SANPHAM_CHINHANH" ON "SANPHAM_CHINHANH" ("MA_CN", "MA_SP") PCTFREE 10 INITRANS 2 MAXTRANS 255 COMPUTE STATISTICS  STORAGE(INITIAL 65536 NEXT 1048576 MINEXTENTS 1 MAXEXTENTS 2147483645 PCTINCREASE 0 FREELISTS 1 FREELIST GROUPS 1 BUFFER_POOL DEFAULT FLASH_CACHE DEFAULT CELL_FLASH_CACHE DEFAULT) TABLESPACE "USERS"
  GRANT DELETE ON "SANPHAM_CHINHANH" TO "PARTNER1"
  GRANT INSERT ON "SANPHAM_CHINHANH" TO "PARTNER1"
  GRANT SELECT ON "SANPHAM_CHINHANH" TO "PARTNER1"
  GRANT UPDATE ON "SANPHAM_CHINHANH" TO "PARTNER1"
--------------------------------------------------------
--  DDL for Index SYS_C009942
--------------------------------------------------------

  CREATE UNIQUE INDEX "SYS_C009942" ON "TAIKHOAN" ("USERNAME") PCTFREE 10 INITRANS 2 MAXTRANS 255 COMPUTE STATISTICS  STORAGE(INITIAL 65536 NEXT 1048576 MINEXTENTS 1 MAXEXTENTS 2147483645 PCTINCREASE 0 FREELISTS 1 FREELIST GROUPS 1 BUFFER_POOL DEFAULT FLASH_CACHE DEFAULT CELL_FLASH_CACHE DEFAULT) TABLESPACE "USERS"
--------------------------------------------------------
--  DDL for Index SYS_C009946
--------------------------------------------------------

  CREATE UNIQUE INDEX "SYS_C009946" ON "TAIXE" ("MA_TX") PCTFREE 10 INITRANS 2 MAXTRANS 255 COMPUTE STATISTICS  STORAGE(INITIAL 65536 NEXT 1048576 MINEXTENTS 1 MAXEXTENTS 2147483645 PCTINCREASE 0 FREELISTS 1 FREELIST GROUPS 1 BUFFER_POOL DEFAULT FLASH_CACHE DEFAULT CELL_FLASH_CACHE DEFAULT) TABLESPACE "USERS"
--------------------------------------------------------
--  DDL for Index TAIXEDH_PK
--------------------------------------------------------

  CREATE UNIQUE INDEX "TAIXEDH_PK" ON "TAIXEDH" ("MA_DH", "MA_SP", "MA_TX") PCTFREE 10 INITRANS 2 MAXTRANS 255 COMPUTE STATISTICS  STORAGE(INITIAL 65536 NEXT 1048576 MINEXTENTS 1 MAXEXTENTS 2147483645 PCTINCREASE 0 FREELISTS 1 FREELIST GROUPS 1 BUFFER_POOL DEFAULT FLASH_CACHE DEFAULT CELL_FLASH_CACHE DEFAULT) TABLESPACE "USERS"
--------------------------------------------------------
--  DDL for Procedure ADMIN_ADD_ADMIN_ACCOUNT
--------------------------------------------------------
set define off;

  CREATE OR REPLACE NONEDITIONABLE PROCEDURE "ADMIN_ADD_ADMIN_ACCOUNT" 
 (user in taikhoan.username%TYPE,
    pass in taikhoan.password%TYPE)
    is
BEGIN
    insert into taikhoan values (user,pass,'admin','not actived');
    dbms_output.put_line('added');
END;
  GRANT EXECUTE ON "ADMIN_ADD_ADMIN_ACCOUNT" TO "ADMIN1"
--------------------------------------------------------
--  DDL for Procedure ADMIN_ADD_EMPLOYEE_ACCOUNT
--------------------------------------------------------
set define off;

  CREATE OR REPLACE NONEDITIONABLE PROCEDURE "ADMIN_ADD_EMPLOYEE_ACCOUNT" 
 (user in taikhoan.username%TYPE,
    pass in taikhoan.password%TYPE
    )
    is
BEGIN
    insert into taikhoan values (user,pass,'NV','not actived');
    dbms_output.put_line('added');
END;
  GRANT EXECUTE ON "ADMIN_ADD_EMPLOYEE_ACCOUNT" TO "ADMIN1"
--------------------------------------------------------
--  DDL for Procedure ADMIN_REMOVE_ADMIN_ACCOUNT
--------------------------------------------------------
set define off;

  CREATE OR REPLACE NONEDITIONABLE PROCEDURE "ADMIN_REMOVE_ADMIN_ACCOUNT" 
 (userr nvarchar2) 
    is
BEGIN
    delete from taikhoan where username = userr;
    dbms_output.put_line('removed');
END;
  GRANT EXECUTE ON "ADMIN_REMOVE_ADMIN_ACCOUNT" TO "ADMIN1"
--------------------------------------------------------
--  DDL for Procedure ADMIN_REMOVE_EMPLOYEE_ACCOUNT
--------------------------------------------------------
set define off;

  CREATE OR REPLACE NONEDITIONABLE PROCEDURE "ADMIN_REMOVE_EMPLOYEE_ACCOUNT" 
 (user nvarchar2) 
    is
BEGIN
    delete from taikhoan where username = user;
    dbms_output.put_line('removed');
END;
  GRANT EXECUTE ON "ADMIN_REMOVE_EMPLOYEE_ACCOUNT" TO "ADMIN1"
--------------------------------------------------------
--  DDL for Procedure CUSTOMER_ADD_PRODUCT_TO_ORDER
--------------------------------------------------------
set define off;

  CREATE OR REPLACE NONEDITIONABLE PROCEDURE "CUSTOMER_ADD_PRODUCT_TO_ORDER" 
    (MDH_DonHang in donhang.ma_dh%TYPE,
    MKH_DonHang in donhang.ma_kh%TYPE,
    MNV_DonHang in donhang.ma_nv%TYPE,
    MKM_DonHang in donhang.ma_km%TYPE,
    MSP_DonHang in donhang.ma_sp%TYPE,
    SL_DonHang in donhang.so_luong%TYPE)
    is
BEGIN
    insert into DonHang values (MDH_DonHang,MKH_DonHang,MNV_DonHang,MKM_DonHang,MSP_DonHang,SL_DonHang);
    dbms_output.put_line('added ');
END;
  GRANT EXECUTE ON "CUSTOMER_ADD_PRODUCT_TO_ORDER" TO "CUSTOMER"
--------------------------------------------------------
--  DDL for Procedure CUSTOMER_REGISTRATION
--------------------------------------------------------
set define off;

  CREATE OR REPLACE NONEDITIONABLE PROCEDURE "CUSTOMER_REGISTRATION" 
    (user in taikhoan.username%TYPE,
    pass in taikhoan.password%TYPE,
    MKH in khachhang.ma_kh%TYPE,
    HT in khachhang.ho_ten%TYPE,
    DC in khachhang.dia_chi_kh%TYPE,
    SDT in khachhang.sdt_kh%TYPE,
    EMAIL in khachhang.email_KH%TYPE)
    is
BEGIN
    insert into taikhoan values (user, pass,'KH','Actived');
    insert into khachhang values (MKH,HT,DC,SDT,EMAIL);
    dbms_output.put_line('added');
END;
  GRANT EXECUTE ON "CUSTOMER_REGISTRATION" TO "CUSTOMER"
--------------------------------------------------------
--  DDL for Procedure CUSTOMER_UPDATE_PRODUCT_TO_ORDER
--------------------------------------------------------
set define off;

  CREATE OR REPLACE NONEDITIONABLE PROCEDURE "CUSTOMER_UPDATE_PRODUCT_TO_ORDER" 
    (MDH_DonHang in donhang.ma_dh%TYPE,
    MKH_DonHang in donhang.ma_kh%TYPE,
    MNV_DonHang in donhang.ma_nv%TYPE,
    MKM_DonHang in donhang.ma_km%TYPE,
    MSP_DonHang in donhang.ma_sp%TYPE,
    SL_DonHang in donhang.so_luong%TYPE)
    is
BEGIN
    update donhang
    set ma_kh = MKH_DonHang, ma_nv=MNV_DonHang, ma_km=MKM_DonHang, ma_sp=MSP_DonHang, so_luong = SL_DonHang
    where ma_dh=MDH_DonHang;
    dbms_output.put_line('added ');
END;
  GRANT EXECUTE ON "CUSTOMER_UPDATE_PRODUCT_TO_ORDER" TO "CUSTOMER"
--------------------------------------------------------
--  DDL for Procedure DRIVER_GET_ORDERS
--------------------------------------------------------
set define off;

  CREATE OR REPLACE NONEDITIONABLE PROCEDURE "DRIVER_GET_ORDERS" 
(MDH NVARCHAR2)
is
        MDHang chitietdonhang.ma_dh%TYPE;
        status chitietdonhang.tinh_trang%TYPE;
        nhandon chitietdonhang.tien_do%TYPE;
begin
    select ma_dh, tinh_trang,tien_do
    into MDHang, status, nhandon
    from chitietdonhang
    where ma_dh = MDH;
    dbms_output.put_line('Thong tin : ' ||MDHang ||' ' || status||' và ' || nhandon);
end;
  GRANT EXECUTE ON "DRIVER_GET_ORDERS" TO "SHIPPER"
--------------------------------------------------------
--  DDL for Procedure DRIVER_RECEIVE_ORDER
--------------------------------------------------------
set define off;

  CREATE OR REPLACE NONEDITIONABLE PROCEDURE "DRIVER_RECEIVE_ORDER" 
   as    
    MTX taixedh.ma_sp%TYPE;
    MDH taixedh.ma_dh%TYPE;
    gas taixedh.phi_vc%TYPE;

    CURSOR c1 IS

    select ma_sp,ma_dh, phi_vc
    into MTX,MDH, gas
    from taixedh;
begin
open c1;
loop
fetch c1 into MTX,MDH, gas;
EXIT WHEN c1%NOTFOUND;
    dbms_output.put_line('Thong tin: Mã tài x?: '||MTX ||', Mã ??n hàng: ' ||MDH||', Phí: ' || gas);
    end loop;
  close c1;
END;
  GRANT EXECUTE ON "DRIVER_RECEIVE_ORDER" TO "SHIPPER"
--------------------------------------------------------
--  DDL for Procedure EMPLOYEE_GET_CONTRACTS
--------------------------------------------------------
set define off;

  CREATE OR REPLACE NONEDITIONABLE PROCEDURE "EMPLOYEE_GET_CONTRACTS" 
(ma_HDONG nvarchar2) 
IS
    MHD hopdong.ma_hd%TYPE;
    MDT Hopdong.ma_dt%TYPE;
    NGAYHD hopdong.ngay_hd%TYPE;
    NGAYKETTHUC hopdong.ngay_ket_thuc_hd%TYPE;
    SOCHINHANH hopdong.so_chi_nhanh_dangky%TYPE;

BEGIN
    select ma_hd,ma_dt,ngay_hd,ngay_ket_thuc_hd,so_chi_nhanh_dangky
    into MHD,MDT,NGAYHD, NGAYKETTHUC,SOCHINHANH
    from hopdong
    where ma_hd = ma_HDONG;
    dbms_output.put_line('Thông tin : Mã h?p ??ng: ' ||MHD ||', Mã ??i tác: ' || MDT||', Ngày ký h?p ??ng: ' ||NGAYHD||', Ngày k?t thúc: ' ||NGAYKETTHUC||', S? chi nhánh ??ng ký: ' ||SOCHINHANH);
END;
  GRANT EXECUTE ON "EMPLOYEE_GET_CONTRACTS" TO "STAFF"
--------------------------------------------------------
--  DDL for Procedure EMPLOYEE_GET_ORDER_DETAILS
--------------------------------------------------------
set define off;

  CREATE OR REPLACE NONEDITIONABLE PROCEDURE "EMPLOYEE_GET_ORDER_DETAILS" 
(ma_NVIEN nvarchar2) 
IS
    MNV nhanvien.ma_nv%TYPE;
    HOTENNV nhanvien.hoten_nv%TYPE;
    NGAYVAO nhanvien.ngay_vao_lam%TYPE;
    SDT nhanvien.sdt_nv%TYPE;
BEGIN
    select ma_nv,hoten_nv,ngay_vao_lam,sdt_nv
    into MNV,HOTENNV,NGAYVAO,SDT
    from nhanvien
    where ma_nv = ma_NVIEN;
    dbms_output.put_line('Thông tin : Mã nhân viên: ' ||MNV ||', H? và Tên: ' || HOTENNV||', Ngày vào làm: ' ||NGAYVAO||', S? ?i?n tho?i: ' ||SDT);
END;
  GRANT EXECUTE ON "EMPLOYEE_GET_ORDER_DETAILS" TO "STAFF"
--------------------------------------------------------
--  DDL for Procedure PARTNER_ADD_BRANCH
--------------------------------------------------------
set define off;

  CREATE OR REPLACE NONEDITIONABLE PROCEDURE "PARTNER_ADD_BRANCH" 
    (MCN in chiNhanh.ma_cn%TYPE,
    MDT in chiNhanh.ma_dt%TYPE,
    DCCN in chinhanh.dia_chi_ch%TYPE)
    is
BEGIN
    insert into chinhanh values (MCN,MDT,DCCN);
    dbms_output.put_line('added');
END;
  GRANT EXECUTE ON "PARTNER_ADD_BRANCH" TO "PARTNER"
  GRANT EXECUTE ON "PARTNER_ADD_BRANCH" TO "PARTNER1"
--------------------------------------------------------
--  DDL for Procedure PARTNER_ADD_ORDER
--------------------------------------------------------
set define off;

  CREATE OR REPLACE NONEDITIONABLE PROCEDURE "PARTNER_ADD_ORDER" 
    (MDH_DonHang in donhang.ma_dh%TYPE,
    MKH_DonHang in donhang.ma_kh%TYPE,
    MNV_DonHang in donhang.ma_nv%TYPE,
    MKM_DonHang in donhang.ma_km%TYPE,
    MSP_DonHang in donhang.ma_sp%TYPE,
    SL_DonHang in donhang.so_luong%TYPE)
    is
BEGIN
    insert into DonHang values (MDH_DonHang,MKH_DonHang,MNV_DonHang,MKM_DonHang,MSP_DonHang,SL_DonHang);
    dbms_output.put_line('added ');
END;
  GRANT EXECUTE ON "PARTNER_ADD_ORDER" TO "PARTNER"
  GRANT EXECUTE ON "PARTNER_ADD_ORDER" TO "PARTNER1"
--------------------------------------------------------
--  DDL for Procedure PARTNER_ADD_PRODUCT
--------------------------------------------------------
set define off;

  CREATE OR REPLACE NONEDITIONABLE PROCEDURE "PARTNER_ADD_PRODUCT" 
    (MSP in SANPHAM.MA_SP%TYPE,
    TSP in SANPHAM.TEN_SAN_PHAM%TYPE,
    MNCC in SANPHAM.MA_NHA_CUNG_CAP%TYPE,
    MLH in SANPHAM.MA_LOAI_HANG%TYPE,
    GNHAP in SANPHAM.GIA_NHAP%TYPE,
    GBAN in SANPHAM.GIA_BAN%TYPE)
    is
BEGIN
    insert into SANPHAM values (MSP,TSP,MNCC,MLH,GNHAP,GBAN);
    dbms_output.put_line('added ');
END;
  GRANT EXECUTE ON "PARTNER_ADD_PRODUCT" TO "PARTNER"
  GRANT EXECUTE ON "PARTNER_ADD_PRODUCT" TO "PARTNER1"
--------------------------------------------------------
--  DDL for Procedure PARTNER_ADD_PRODUCT_TO_BRANCH
--------------------------------------------------------
set define off;

  CREATE OR REPLACE NONEDITIONABLE PROCEDURE "PARTNER_ADD_PRODUCT_TO_BRANCH" 
    ( MCN in sanPham_chiNhanh.ma_cn%TYPE,
      MSP in sanPham_chiNhanh.ma_sp%TYPE,
      SL in sanPham_chiNhanh.so_luong%TYPE)
      is
begin
    insert into sanPham_chiNhanh values (MCN, MSP, SL);
    dbms_output.put_line('added');
end;
  GRANT EXECUTE ON "PARTNER_ADD_PRODUCT_TO_BRANCH" TO "PARTNER"
  GRANT EXECUTE ON "PARTNER_ADD_PRODUCT_TO_BRANCH" TO "PARTNER1"
--------------------------------------------------------
--  DDL for Procedure PARTNER_GET_ORDERS
--------------------------------------------------------
set define off;

  CREATE OR REPLACE NONEDITIONABLE PROCEDURE "PARTNER_GET_ORDERS" (MDH NVARCHAR2)
is
        MDHang chitietdonhang.ma_dh%TYPE;
        status chitietdonhang.tinh_trang%TYPE;
begin
    select ma_dh, tinh_trang
    into MDHang, status
    from chitietdonhang
    where ma_dh = MDH;
    dbms_output.put_line('Thong tin : ' ||MDHang ||' ' || status);
end;
  GRANT EXECUTE ON "PARTNER_GET_ORDERS" TO "PARTNER"
  GRANT EXECUTE ON "PARTNER_GET_ORDERS" TO "PARTNER1"
--------------------------------------------------------
--  DDL for Procedure PARTNER_ORDER_TRACKING
--------------------------------------------------------
set define off;

  CREATE OR REPLACE NONEDITIONABLE PROCEDURE "PARTNER_ORDER_TRACKING" (ma_DHANG nvarchar2)
is
    MDH chitietdonhang.ma_dh%TYPE;
    quaTrinh chitietdonhang.qua_trinh_vc%TYPE;
begin
        select ma_dh, qua_trinh_vc
        into MDH,quaTrinh
        from chitietdonhang
        where ma_dh = ma_DHANG;
        dbms_output.put_line('Thong tin : ' ||MDH ||' ' || quaTrinh);
end;
  GRANT EXECUTE ON "PARTNER_ORDER_TRACKING" TO "PARTNER"
  GRANT EXECUTE ON "PARTNER_ORDER_TRACKING" TO "PARTNER1"
--------------------------------------------------------
--  DDL for Procedure PARTNER_OR_DRIVER_UPDATE_DELIVERY_STATUS
--------------------------------------------------------
set define off;

  CREATE OR REPLACE NONEDITIONABLE PROCEDURE "PARTNER_OR_DRIVER_UPDATE_DELIVERY_STATUS" 
        (MDHang in chitietdonhang.ma_dh%TYPE,
         status in chitietdonhang.tinh_trang%TYPE)
IS
BEGIN
    update chitietdonhang
    set tinh_trang=status
    where ma_dh = MDHang;
    dbms_output.put_line('Updated');
END;
  GRANT EXECUTE ON "PARTNER_OR_DRIVER_UPDATE_DELIVERY_STATUS" TO "PARTNER"
  GRANT EXECUTE ON "PARTNER_OR_DRIVER_UPDATE_DELIVERY_STATUS" TO "PARTNER1"
--------------------------------------------------------
--  DDL for Procedure PARTNER_PRINT_ORDER
--------------------------------------------------------
set define off;

  CREATE OR REPLACE NONEDITIONABLE PROCEDURE "PARTNER_PRINT_ORDER" (ma_DHANG nvarchar2) 
IS
    MDH_DonHang donhang.ma_dh%TYPE;
    MKH_DonHang donhang.ma_kh%TYPE;
    MNV_DonHang donhang.ma_nv%TYPE;
    MSP_DonHang donhang.ma_sp%TYPE;
    SL_DonHang donhang.so_luong%TYPE;
BEGIN
    select ma_dh,ma_kh,ma_nv,ma_sp,so_luong 
    into MDH_DonHang,MKH_DonHang,MNV_DonHang,MSP_DonHang,SL_DonHang
    from DonHang
    where ma_dh = ma_DHANG;
    dbms_output.put_line('Thong tin : ' ||MDH_DonHang ||' ' || MKH_DonHang||' ' ||MNV_DonHang||' ' ||MSP_DonHang||' ' ||SL_DonHang);
END;
  GRANT EXECUTE ON "PARTNER_PRINT_ORDER" TO "PARTNER"
  GRANT EXECUTE ON "PARTNER_PRINT_ORDER" TO "PARTNER1"
--------------------------------------------------------
--  DDL for Procedure PARTNER_PRINT_PRODUCTS_DETAILS
--------------------------------------------------------
set define off;

  CREATE OR REPLACE NONEDITIONABLE PROCEDURE "PARTNER_PRINT_PRODUCTS_DETAILS" (in_MSP nvarchar2)
   IS     MSP sanPham.ma_sp%TYPE;
        TSP sanpham.ten_san_pham%TYPE;
        MNCC sanpham.ma_nha_cung_cap%TYPE;
        MLH sanpham.ma_loai_hang%TYPE;
        GNhap sanPham.gia_nhap%TYPE;
         GBan sanPham.gia_ban%TYPE;

BEGIN
    SELECT ma_sp, ten_san_pham, ma_nha_cung_cap, ma_loai_hang, gia_nhap, gia_ban
    INTO MSP, TSP, MNCC, MLH, GNHAP, GBAN
    FROM sanPham
    where ma_sp = in_MSP;
    dbms_output.put_line('Thong tin: Mã S?N PH?M: '||MSP ||', TÊN S?N PH?M: ' ||TSP||', MÃ NHÀ CUNG C?P: ' || MNCC||', MÃ LO?I HÀNG: ' ||MLH||', GIÁ NH?P: ' ||GNHAP||', GIÁ BÁN: ' ||GBAN);
END;
  GRANT EXECUTE ON "PARTNER_PRINT_PRODUCTS_DETAILS" TO "PARTNER"
  GRANT EXECUTE ON "PARTNER_PRINT_PRODUCTS_DETAILS" TO "PARTNER1"
--------------------------------------------------------
--  DDL for Procedure PARTNER_REGISTATION
--------------------------------------------------------
set define off;

  CREATE OR REPLACE NONEDITIONABLE PROCEDURE "PARTNER_REGISTATION" 
    (user in taikhoan.username%TYPE,
    pass in taikhoan.password%TYPE,
    MDT in doitacVC.ma_dt%TYPE,
    MST in doitacVC.ma_so_thue%TYPE,
    TDT in doitacVC.ten_dt%TYPE,
    NDD in doitacVC.nguoi_dai_dien%TYPE,
    SCNHANH in doitacVC.so_chi_nhanh%TYPE,
    TP in doitacVC.thanh_pho%TYPE,
    Q in doitacVC.quan%TYPE,
    MLH in doitacVC.ma_loai_hang_vc%TYPE,
    DCKD in doitacVC.dia_chi_kinh_doanh%TYPE,
    SDT in doitacVC.sdt_vc%TYPE,
    EMAIL in doitacVC.email_vc%TYPE,
    SLDH in doitacVC.sl_dh_moi_ngay%TYPE)
    is
BEGIN
    insert into taikhoan values (user, pass,'DT','Actived');
    insert into doitacVC values (MDT,MST,TDT,NDD,SCNHANH,TP,Q,MLH,DCKD,SDT,EMAIL,SLDH);
    dbms_output.put_line('added');
END;
  GRANT EXECUTE ON "PARTNER_REGISTATION" TO "PARTNER"
  GRANT EXECUTE ON "PARTNER_REGISTATION" TO "PARTNER1"
--------------------------------------------------------
--  DDL for Procedure PARTNER_REMOVE_ORDER
--------------------------------------------------------
set define off;

  CREATE OR REPLACE NONEDITIONABLE PROCEDURE "PARTNER_REMOVE_ORDER" (ma_DHANG nvarchar2) 
IS
BEGIN
    delete from DonHang where ma_dh = ma_DHANG;
    dbms_output.put_line('removed ');
END;
  GRANT EXECUTE ON "PARTNER_REMOVE_ORDER" TO "PARTNER"
  GRANT EXECUTE ON "PARTNER_REMOVE_ORDER" TO "PARTNER1"
--------------------------------------------------------
--  DDL for Procedure PARTNER_REMOVE_PRODUCT
--------------------------------------------------------
set define off;

  CREATE OR REPLACE NONEDITIONABLE PROCEDURE "PARTNER_REMOVE_PRODUCT" (ma_SPHAM nvarchar2) 
IS
BEGIN
    delete from SANPHAM where MA_SP = ma_SPHAM;
    dbms_output.put_line('removed ');
END;
  GRANT EXECUTE ON "PARTNER_REMOVE_PRODUCT" TO "PARTNER1"
  GRANT EXECUTE ON "PARTNER_REMOVE_PRODUCT" TO "PARTNER"
--------------------------------------------------------
--  DDL for Procedure PARTNER_REMOVE_PRODUCT_FROM_BRANCH
--------------------------------------------------------
set define off;

  CREATE OR REPLACE NONEDITIONABLE PROCEDURE "PARTNER_REMOVE_PRODUCT_FROM_BRANCH" ( MCN NVARCHAR2)
is
begin
    delete from sanPham_chiNhanh where ma_cn= MCN;
    dbms_output.put_line('removed');
end;
  GRANT EXECUTE ON "PARTNER_REMOVE_PRODUCT_FROM_BRANCH" TO "PARTNER"
  GRANT EXECUTE ON "PARTNER_REMOVE_PRODUCT_FROM_BRANCH" TO "PARTNER1"
--------------------------------------------------------
--  DDL for Procedure PARTNER_UPDATE_PRODUCTS_DETAILS
--------------------------------------------------------
set define off;

  CREATE OR REPLACE NONEDITIONABLE PROCEDURE "PARTNER_UPDATE_PRODUCTS_DETAILS" 
        (MSP in sanPham.ma_sp%TYPE,
        TSP in sanpham.ten_san_pham%TYPE,
        MNCC in sanpham.ma_nha_cung_cap%TYPE,
        MLH in sanpham.ma_loai_hang%TYPE,
        GNhap in sanPham.gia_nhap%TYPE,
         GBan in sanPham.gia_ban%TYPE)
IS
BEGIN
    update sanPham
    set ten_san_pham=TSP, ma_nha_cung_cap= MNCC, ma_loai_hang =MLH, gia_nhap=GNhap, gia_ban= GBan
    where ma_sp = MSP;
    dbms_output.put_line('Updated');
END;
  GRANT EXECUTE ON "PARTNER_UPDATE_PRODUCTS_DETAILS" TO "PARTNER"
  GRANT EXECUTE ON "PARTNER_UPDATE_PRODUCTS_DETAILS" TO "PARTNER1"
--------------------------------------------------------
--  DDL for Function CHECK_IS_ACCOUNT_IS_ACTIVE
--------------------------------------------------------

  CREATE OR REPLACE NONEDITIONABLE FUNCTION "CHECK_IS_ACCOUNT_IS_ACTIVE" (in_user nvarchar2)
return nvarchar2
as userN taikhoan.username%TYPE;
   rol taikhoan.role%TYPE;
begin	
  select username 
  into userN
  from taikhoan 
  where taikhoan.username=in_user
  and taikhoan.status = 'Actived';
  if userN IS not NULL THEN
  return 'true';
END IF ;
return 'false';
end;
--------------------------------------------------------
--  Constraints for Table CHINHANH
--------------------------------------------------------

  ALTER TABLE "CHINHANH" ADD CONSTRAINT "CHINHANH" PRIMARY KEY ("MA_CN") USING INDEX PCTFREE 10 INITRANS 2 MAXTRANS 255 COMPUTE STATISTICS  STORAGE(INITIAL 65536 NEXT 1048576 MINEXTENTS 1 MAXEXTENTS 2147483645 PCTINCREASE 0 FREELISTS 1 FREELIST GROUPS 1 BUFFER_POOL DEFAULT FLASH_CACHE DEFAULT CELL_FLASH_CACHE DEFAULT) TABLESPACE "USERS"  ENABLE
--------------------------------------------------------
--  Constraints for Table CHITIETDONHANG
--------------------------------------------------------

  ALTER TABLE "CHITIETDONHANG" ADD CONSTRAINT "CHITIETDONHANG_PK" PRIMARY KEY ("MA_DH", "MA_SP") USING INDEX PCTFREE 10 INITRANS 2 MAXTRANS 255 COMPUTE STATISTICS  STORAGE(INITIAL 65536 NEXT 1048576 MINEXTENTS 1 MAXEXTENTS 2147483645 PCTINCREASE 0 FREELISTS 1 FREELIST GROUPS 1 BUFFER_POOL DEFAULT FLASH_CACHE DEFAULT CELL_FLASH_CACHE DEFAULT) TABLESPACE "USERS"  ENABLE
--------------------------------------------------------
--  Constraints for Table DOITACVC
--------------------------------------------------------

  ALTER TABLE "DOITACVC" ADD PRIMARY KEY ("MA_DT") USING INDEX PCTFREE 10 INITRANS 2 MAXTRANS 255 COMPUTE STATISTICS  STORAGE(INITIAL 65536 NEXT 1048576 MINEXTENTS 1 MAXEXTENTS 2147483645 PCTINCREASE 0 FREELISTS 1 FREELIST GROUPS 1 BUFFER_POOL DEFAULT FLASH_CACHE DEFAULT CELL_FLASH_CACHE DEFAULT) TABLESPACE "USERS"  ENABLE
--------------------------------------------------------
--  Constraints for Table DONHANG
--------------------------------------------------------

  ALTER TABLE "DONHANG" ADD PRIMARY KEY ("MA_DH", "MA_SP") USING INDEX PCTFREE 10 INITRANS 2 MAXTRANS 255 COMPUTE STATISTICS  STORAGE(INITIAL 65536 NEXT 1048576 MINEXTENTS 1 MAXEXTENTS 2147483645 PCTINCREASE 0 FREELISTS 1 FREELIST GROUPS 1 BUFFER_POOL DEFAULT FLASH_CACHE DEFAULT CELL_FLASH_CACHE DEFAULT) TABLESPACE "USERS"  ENABLE
--------------------------------------------------------
--  Constraints for Table HOPDONG
--------------------------------------------------------

  ALTER TABLE "HOPDONG" ADD CONSTRAINT "HOPDONG" PRIMARY KEY ("MA_HD", "MA_DT") USING INDEX PCTFREE 10 INITRANS 2 MAXTRANS 255 COMPUTE STATISTICS  STORAGE(INITIAL 65536 NEXT 1048576 MINEXTENTS 1 MAXEXTENTS 2147483645 PCTINCREASE 0 FREELISTS 1 FREELIST GROUPS 1 BUFFER_POOL DEFAULT FLASH_CACHE DEFAULT CELL_FLASH_CACHE DEFAULT) TABLESPACE "USERS"  ENABLE
--------------------------------------------------------
--  Constraints for Table KHACHHANG
--------------------------------------------------------

  ALTER TABLE "KHACHHANG" ADD PRIMARY KEY ("MA_KH") USING INDEX PCTFREE 10 INITRANS 2 MAXTRANS 255 COMPUTE STATISTICS  STORAGE(INITIAL 65536 NEXT 1048576 MINEXTENTS 1 MAXEXTENTS 2147483645 PCTINCREASE 0 FREELISTS 1 FREELIST GROUPS 1 BUFFER_POOL DEFAULT FLASH_CACHE DEFAULT CELL_FLASH_CACHE DEFAULT) TABLESPACE "USERS"  ENABLE
--------------------------------------------------------
--  Constraints for Table KHUVUC
--------------------------------------------------------

  ALTER TABLE "KHUVUC" ADD PRIMARY KEY ("MA_KV") USING INDEX PCTFREE 10 INITRANS 2 MAXTRANS 255 COMPUTE STATISTICS  STORAGE(INITIAL 65536 NEXT 1048576 MINEXTENTS 1 MAXEXTENTS 2147483645 PCTINCREASE 0 FREELISTS 1 FREELIST GROUPS 1 BUFFER_POOL DEFAULT FLASH_CACHE DEFAULT CELL_FLASH_CACHE DEFAULT) TABLESPACE "USERS"  ENABLE
--------------------------------------------------------
--  Constraints for Table KHUYENMAI
--------------------------------------------------------

  ALTER TABLE "KHUYENMAI" ADD PRIMARY KEY ("MA_KM") USING INDEX PCTFREE 10 INITRANS 2 MAXTRANS 255 COMPUTE STATISTICS  STORAGE(INITIAL 65536 NEXT 1048576 MINEXTENTS 1 MAXEXTENTS 2147483645 PCTINCREASE 0 FREELISTS 1 FREELIST GROUPS 1 BUFFER_POOL DEFAULT FLASH_CACHE DEFAULT CELL_FLASH_CACHE DEFAULT) TABLESPACE "USERS"  ENABLE
--------------------------------------------------------
--  Constraints for Table LOAIHANG
--------------------------------------------------------

  ALTER TABLE "LOAIHANG" ADD PRIMARY KEY ("MA_LH") USING INDEX PCTFREE 10 INITRANS 2 MAXTRANS 255 COMPUTE STATISTICS  STORAGE(INITIAL 65536 NEXT 1048576 MINEXTENTS 1 MAXEXTENTS 2147483645 PCTINCREASE 0 FREELISTS 1 FREELIST GROUPS 1 BUFFER_POOL DEFAULT FLASH_CACHE DEFAULT CELL_FLASH_CACHE DEFAULT) TABLESPACE "USERS"  ENABLE
--------------------------------------------------------
--  Constraints for Table NHANVIEN
--------------------------------------------------------

  ALTER TABLE "NHANVIEN" ADD PRIMARY KEY ("MA_NV") USING INDEX PCTFREE 10 INITRANS 2 MAXTRANS 255 COMPUTE STATISTICS  STORAGE(INITIAL 65536 NEXT 1048576 MINEXTENTS 1 MAXEXTENTS 2147483645 PCTINCREASE 0 FREELISTS 1 FREELIST GROUPS 1 BUFFER_POOL DEFAULT FLASH_CACHE DEFAULT CELL_FLASH_CACHE DEFAULT) TABLESPACE "USERS"  ENABLE
--------------------------------------------------------
--  Constraints for Table SANPHAM
--------------------------------------------------------

  ALTER TABLE "SANPHAM" ADD CONSTRAINT "SANPHAM" PRIMARY KEY ("MA_SP") USING INDEX PCTFREE 10 INITRANS 2 MAXTRANS 255 COMPUTE STATISTICS  STORAGE(INITIAL 65536 NEXT 1048576 MINEXTENTS 1 MAXEXTENTS 2147483645 PCTINCREASE 0 FREELISTS 1 FREELIST GROUPS 1 BUFFER_POOL DEFAULT FLASH_CACHE DEFAULT CELL_FLASH_CACHE DEFAULT) TABLESPACE "USERS"  ENABLE
--------------------------------------------------------
--  Constraints for Table SANPHAM_CHINHANH
--------------------------------------------------------

  ALTER TABLE "SANPHAM_CHINHANH" ADD CONSTRAINT "SANPHAM_CHINHANH" PRIMARY KEY ("MA_CN", "MA_SP") USING INDEX PCTFREE 10 INITRANS 2 MAXTRANS 255 COMPUTE STATISTICS  STORAGE(INITIAL 65536 NEXT 1048576 MINEXTENTS 1 MAXEXTENTS 2147483645 PCTINCREASE 0 FREELISTS 1 FREELIST GROUPS 1 BUFFER_POOL DEFAULT FLASH_CACHE DEFAULT CELL_FLASH_CACHE DEFAULT) TABLESPACE "USERS"  ENABLE
--------------------------------------------------------
--  Constraints for Table TAIKHOAN
--------------------------------------------------------

  ALTER TABLE "TAIKHOAN" ADD PRIMARY KEY ("USERNAME") USING INDEX PCTFREE 10 INITRANS 2 MAXTRANS 255 COMPUTE STATISTICS  STORAGE(INITIAL 65536 NEXT 1048576 MINEXTENTS 1 MAXEXTENTS 2147483645 PCTINCREASE 0 FREELISTS 1 FREELIST GROUPS 1 BUFFER_POOL DEFAULT FLASH_CACHE DEFAULT CELL_FLASH_CACHE DEFAULT) TABLESPACE "USERS"  ENABLE
--------------------------------------------------------
--  Constraints for Table TAIXE
--------------------------------------------------------

  ALTER TABLE "TAIXE" ADD PRIMARY KEY ("MA_TX") USING INDEX PCTFREE 10 INITRANS 2 MAXTRANS 255 COMPUTE STATISTICS  STORAGE(INITIAL 65536 NEXT 1048576 MINEXTENTS 1 MAXEXTENTS 2147483645 PCTINCREASE 0 FREELISTS 1 FREELIST GROUPS 1 BUFFER_POOL DEFAULT FLASH_CACHE DEFAULT CELL_FLASH_CACHE DEFAULT) TABLESPACE "USERS"  ENABLE
--------------------------------------------------------
--  Constraints for Table TAIXEDH
--------------------------------------------------------

  ALTER TABLE "TAIXEDH" ADD CONSTRAINT "TAIXEDH_PK" PRIMARY KEY ("MA_DH", "MA_SP", "MA_TX") USING INDEX PCTFREE 10 INITRANS 2 MAXTRANS 255 COMPUTE STATISTICS  STORAGE(INITIAL 65536 NEXT 1048576 MINEXTENTS 1 MAXEXTENTS 2147483645 PCTINCREASE 0 FREELISTS 1 FREELIST GROUPS 1 BUFFER_POOL DEFAULT FLASH_CACHE DEFAULT CELL_FLASH_CACHE DEFAULT) TABLESPACE "USERS"  ENABLE
--------------------------------------------------------
--  Ref Constraints for Table CHINHANH
--------------------------------------------------------

  ALTER TABLE "CHINHANH" ADD FOREIGN KEY ("MA_DT") REFERENCES "DOITACVC" ("MA_DT") ENABLE
--------------------------------------------------------
--  Ref Constraints for Table CHITIETDONHANG
--------------------------------------------------------

  ALTER TABLE "CHITIETDONHANG" ADD FOREIGN KEY ("MA_KV") REFERENCES "KHUVUC" ("MA_KV") ENABLE
  ALTER TABLE "CHITIETDONHANG" ADD CONSTRAINT "FLTS_FK" FOREIGN KEY ("MA_DH", "MA_SP") REFERENCES "DONHANG" ("MA_DH", "MA_SP") ENABLE
--------------------------------------------------------
--  Ref Constraints for Table DOITACVC
--------------------------------------------------------

  ALTER TABLE "DOITACVC" ADD FOREIGN KEY ("MA_DT") REFERENCES "TAIKHOAN" ("USERNAME") ENABLE
  ALTER TABLE "DOITACVC" ADD FOREIGN KEY ("MA_LOAI_HANG_VC") REFERENCES "LOAIHANG" ("MA_LH") ENABLE
--------------------------------------------------------
--  Ref Constraints for Table DONHANG
--------------------------------------------------------

  ALTER TABLE "DONHANG" ADD FOREIGN KEY ("MA_KH") REFERENCES "KHACHHANG" ("MA_KH") ENABLE
  ALTER TABLE "DONHANG" ADD FOREIGN KEY ("MA_NV") REFERENCES "NHANVIEN" ("MA_NV") ENABLE
  ALTER TABLE "DONHANG" ADD FOREIGN KEY ("MA_KM") REFERENCES "KHUYENMAI" ("MA_KM") ENABLE
  ALTER TABLE "DONHANG" ADD FOREIGN KEY ("MA_SP") REFERENCES "SANPHAM" ("MA_SP") ENABLE
--------------------------------------------------------
--  Ref Constraints for Table HOPDONG
--------------------------------------------------------

  ALTER TABLE "HOPDONG" ADD FOREIGN KEY ("MA_DT") REFERENCES "DOITACVC" ("MA_DT") ENABLE
--------------------------------------------------------
--  Ref Constraints for Table KHACHHANG
--------------------------------------------------------

  ALTER TABLE "KHACHHANG" ADD FOREIGN KEY ("MA_KH") REFERENCES "TAIKHOAN" ("USERNAME") ENABLE
--------------------------------------------------------
--  Ref Constraints for Table NHANVIEN
--------------------------------------------------------

  ALTER TABLE "NHANVIEN" ADD FOREIGN KEY ("MA_NV") REFERENCES "TAIKHOAN" ("USERNAME") ENABLE
--------------------------------------------------------
--  Ref Constraints for Table SANPHAM
--------------------------------------------------------

  ALTER TABLE "SANPHAM" ADD FOREIGN KEY ("MA_NHA_CUNG_CAP") REFERENCES "DOITACVC" ("MA_DT") ENABLE
  ALTER TABLE "SANPHAM" ADD FOREIGN KEY ("MA_LOAI_HANG") REFERENCES "LOAIHANG" ("MA_LH") ENABLE
--------------------------------------------------------
--  Ref Constraints for Table SANPHAM_CHINHANH
--------------------------------------------------------

  ALTER TABLE "SANPHAM_CHINHANH" ADD FOREIGN KEY ("MA_CN") REFERENCES "CHINHANH" ("MA_CN") ENABLE
  ALTER TABLE "SANPHAM_CHINHANH" ADD FOREIGN KEY ("MA_SP") REFERENCES "SANPHAM" ("MA_SP") ENABLE
--------------------------------------------------------
--  Ref Constraints for Table TAIXE
--------------------------------------------------------

  ALTER TABLE "TAIXE" ADD FOREIGN KEY ("MA_TX") REFERENCES "TAIKHOAN" ("USERNAME") ENABLE
  ALTER TABLE "TAIXE" ADD FOREIGN KEY ("MA_KV_HD") REFERENCES "KHUVUC" ("MA_KV") ENABLE
--------------------------------------------------------
--  Ref Constraints for Table TAIXEDH
--------------------------------------------------------

  ALTER TABLE "TAIXEDH" ADD FOREIGN KEY ("MA_TX") REFERENCES "TAIXE" ("MA_TX") ENABLE
  ALTER TABLE "TAIXEDH" ADD CONSTRAINT "TXDH_FK" FOREIGN KEY ("MA_DH", "MA_SP") REFERENCES "DONHANG" ("MA_DH", "MA_SP") ENABLE
