<?xml version="1.0" encoding="UTF-8"?>
<project-private xmlns="http://www.netbeans.org/ns/project-private/1">
    <editor-bookmarks xmlns="http://www.netbeans.org/ns/editor-bookmarks/2" lastBookmarkId="0"/>
    <open-files xmlns="http://www.netbeans.org/ns/projectui-open-files/2">
        <group>
            <file>file:/C:/Users/PC/Documents/NetBeansProjects/HQTCSDL/src/shipper/ThongTin.java</file>
            <file>file:/C:/Users/PC/Documents/NetBeansProjects/HQTCSDL/src/customer/FRDonHang.java</file>
            <file>file:/C:/Users/PC/Documents/NetBeansProjects/HQTCSDL/src/shipper/TaiXeDH.java</file>
            <file>file:/C:/Users/PC/Documents/NetBeansProjects/HQTCSDL/src/Staff/Staff_Manage.java</file>
            <file>file:/C:/Users/PC/Documents/NetBeansProjects/HQTCSDL/src/shipper/Shipper_Manage.java</file>
            <file>file:/C:/Users/PC/Documents/NetBeansProjects/HQTCSDL/src/storage/FRSanPham.java</file>
            <file>file:/C:/Users/PC/Documents/NetBeansProjects/HQTCSDL/src/Staff/ThongTin.java</file>
            <file>file:/C:/Users/PC/Documents/NetBeansProjects/HQTCSDL/src/partner/JRDonHang.java</file>
            <file>file:/C:/Users/PC/Documents/NetBeansProjects/HQTCSDL/src/Staff/HopDong.java</file>
            <file>file:/C:/Users/PC/Documents/NetBeansProjects/HQTCSDL/src/partner2/FRSanPham1.java</file>
            <file>file:/C:/Users/PC/Documents/NetBeansProjects/HQTCSDL/src/Admin/TaiKhoan.java</file>
            <file>file:/C:/Users/PC/Documents/NetBeansProjects/HQTCSDL/src/partner/DoiTacVC.java</file>
            <file>file:/C:/Users/PC/Documents/NetBeansProjects/HQTCSDL/src/shipper2/TinhTrangDH.java</file>
            <file>file:/C:/Users/PC/Documents/NetBeansProjects/HQTCSDL/src/partner/FRSanPham.java</file>
            <file>file:/C:/Users/PC/Documents/NetBeansProjects/HQTCSDL/src/shipper/TinhTrangDH.java</file>
            <file>file:/C:/Users/PC/Documents/NetBeansProjects/HQTCSDL/src/customer/Customer_Manage.java</file>
            <file>file:/C:/Users/PC/Documents/NetBeansProjects/HQTCSDL/src/partner/Partner_Manage.java</file>
            <file>file:/C:/Users/PC/Documents/NetBeansProjects/HQTCSDL/src/customer/FRSanPham.java</file>
            <file>file:/C:/Users/PC/Documents/NetBeansProjects/HQTCSDL/src/partner/SanPham_ChiNhanh.java</file>
            <file>file:/C:/Users/PC/Documents/NetBeansProjects/HQTCSDL/src/customer/ThongTin.java</file>
            <file>file:/C:/Users/PC/Documents/NetBeansProjects/HQTCSDL/src/shipper2/ThongTin.java</file>
        </group>
    </open-files>
</project-private>
